[monitor] Wave 1 monitor started — updates every 60 s

=================================================================
  WAVE 1 STATUS  03:06:39 IST
=================================================================
  Queue position : INFO  Starting: exp1_vulnerable
  tc rate (lo)   : 20.00 Mbps  →  agent AMBR ≈ ~20 Mbps

  vulnerable:  2/30 trials | def4_meas=100% (2/2) | Q@k†: last=26.9%  mean=29.9%
  defended  : not started

  Latest vulnerable trial 002: def4_meas=True  Q@k†=26.9%  R:20→60 Mbps  elapsed=565s
=================================================================

=================================================================
  WAVE 1 STATUS  03:07:39 IST
=================================================================
  Queue position : INFO  Starting: exp1_vulnerable
  tc rate (lo)   : 20.00 Mbps  →  agent AMBR ≈ ~20 Mbps

  vulnerable:  2/30 trials | def4_meas=100% (2/2) | Q@k†: last=26.9%  mean=29.9%
  defended  : not started

  Latest vulnerable trial 002: def4_meas=True  Q@k†=26.9%  R:20→60 Mbps  elapsed=565s
=================================================================

=================================================================
  WAVE 1 STATUS  03:08:39 IST
=================================================================
  Queue position : INFO  Starting: exp1_vulnerable
  tc rate (lo)   : 20.00 Mbps  →  agent AMBR ≈ ~20 Mbps

  vulnerable:  2/30 trials | def4_meas=100% (2/2) | Q@k†: last=26.9%  mean=29.9%
  defended  : not started

  Latest vulnerable trial 002: def4_meas=True  Q@k†=26.9%  R:20→60 Mbps  elapsed=565s
=================================================================

=================================================================
  WAVE 1 STATUS  03:09:39 IST
=================================================================
  Queue position : INFO  Starting: exp1_vulnerable
  tc rate (lo)   : 10.00 Mbps  →  agent AMBR ≈ ~40 Mbps

  vulnerable:  2/30 trials | def4_meas=100% (2/2) | Q@k†: last=26.9%  mean=29.9%
  defended  : not started

  Latest vulnerable trial 002: def4_meas=True  Q@k†=26.9%  R:20→60 Mbps  elapsed=565s
=================================================================

=================================================================
  WAVE 1 STATUS  03:10:39 IST
=================================================================
  Queue position : INFO  Starting: exp1_vulnerable
  tc rate (lo)   : 10.00 Mbps  →  agent AMBR ≈ ~40 Mbps

  vulnerable:  2/30 trials | def4_meas=100% (2/2) | Q@k†: last=26.9%  mean=29.9%
  defended  : not started

  Latest vulnerable trial 002: def4_meas=True  Q@k†=26.9%  R:20→60 Mbps  elapsed=565s
=================================================================

=================================================================
  WAVE 1 STATUS  03:11:39 IST
=================================================================
  Queue position : INFO  Starting: exp1_vulnerable
  tc rate (lo)   : 6.67 Mbps  →  agent AMBR ≈ ~60 Mbps

  vulnerable:  2/30 trials | def4_meas=100% (2/2) | Q@k†: last=26.9%  mean=29.9%
  defended  : not started

  Latest vulnerable trial 002: def4_meas=True  Q@k†=26.9%  R:20→60 Mbps  elapsed=565s
=================================================================

=================================================================
  WAVE 1 STATUS  03:12:39 IST
=================================================================
  Queue position : INFO  Starting: exp1_vulnerable
  tc rate (lo)   : 6.67 Mbps  →  agent AMBR ≈ ~60 Mbps

  vulnerable:  3/30 trials | def4_meas=100% (3/3) | Q@k†: last=29.8%  mean=29.9%
  defended  : not started

  Latest vulnerable trial 003: def4_meas=True  Q@k†=29.8%  R:20→60 Mbps  elapsed=391s
=================================================================

=================================================================
  WAVE 1 STATUS  03:13:39 IST
=================================================================
  Queue position : INFO  Starting: exp1_vulnerable
  tc rate (lo)   : 20.00 Mbps  →  agent AMBR ≈ ~20 Mbps

  vulnerable:  3/30 trials | def4_meas=100% (3/3) | Q@k†: last=29.8%  mean=29.9%
  defended  : not started

  Latest vulnerable trial 003: def4_meas=True  Q@k†=29.8%  R:20→60 Mbps  elapsed=391s
=================================================================

=================================================================
  WAVE 1 STATUS  03:14:39 IST
=================================================================
  Queue position : INFO  Starting: exp1_vulnerable
  tc rate (lo)   : 20.00 Mbps  →  agent AMBR ≈ ~20 Mbps

  vulnerable:  3/30 trials | def4_meas=100% (3/3) | Q@k†: last=29.8%  mean=29.9%
  defended  : not started

  Latest vulnerable trial 003: def4_meas=True  Q@k†=29.8%  R:20→60 Mbps  elapsed=391s
=================================================================

=================================================================
  WAVE 1 STATUS  03:15:39 IST
=================================================================
  Queue position : INFO  Starting: exp1_vulnerable
  tc rate (lo)   : 20.00 Mbps  →  agent AMBR ≈ ~20 Mbps

  vulnerable:  3/30 trials | def4_meas=100% (3/3) | Q@k†: last=29.8%  mean=29.9%
  defended  : not started

  Latest vulnerable trial 003: def4_meas=True  Q@k†=29.8%  R:20→60 Mbps  elapsed=391s
=================================================================

=================================================================
  WAVE 1 STATUS  03:16:39 IST
=================================================================
  Queue position : INFO  Starting: exp1_vulnerable
  tc rate (lo)   : 20.00 Mbps  →  agent AMBR ≈ ~20 Mbps

  vulnerable:  3/30 trials | def4_meas=100% (3/3) | Q@k†: last=29.8%  mean=29.9%
  defended  : not started

  Latest vulnerable trial 003: def4_meas=True  Q@k†=29.8%  R:20→60 Mbps  elapsed=391s
=================================================================

=================================================================
  WAVE 1 STATUS  03:17:39 IST
=================================================================
  Queue position : INFO  Starting: exp1_vulnerable
  tc rate (lo)   : 10.00 Mbps  →  agent AMBR ≈ ~40 Mbps

  vulnerable:  3/30 trials | def4_meas=100% (3/3) | Q@k†: last=29.8%  mean=29.9%
  defended  : not started

  Latest vulnerable trial 003: def4_meas=True  Q@k†=29.8%  R:20→60 Mbps  elapsed=391s
=================================================================

=================================================================
  WAVE 1 STATUS  03:18:39 IST
=================================================================
  Queue position : INFO  Starting: exp1_vulnerable
  tc rate (lo)   : 10.00 Mbps  →  agent AMBR ≈ ~40 Mbps

  vulnerable:  3/30 trials | def4_meas=100% (3/3) | Q@k†: last=29.8%  mean=29.9%
  defended  : not started

  Latest vulnerable trial 003: def4_meas=True  Q@k†=29.8%  R:20→60 Mbps  elapsed=391s
=================================================================

=================================================================
  WAVE 1 STATUS  03:19:39 IST
=================================================================
  Queue position : INFO  Starting: exp1_vulnerable
  tc rate (lo)   : 6.67 Mbps  →  agent AMBR ≈ ~60 Mbps

  vulnerable:  3/30 trials | def4_meas=100% (3/3) | Q@k†: last=29.8%  mean=29.9%
  defended  : not started

  Latest vulnerable trial 003: def4_meas=True  Q@k†=29.8%  R:20→60 Mbps  elapsed=391s
=================================================================

=================================================================
  WAVE 1 STATUS  03:20:39 IST
=================================================================
  Queue position : INFO  Starting: exp1_vulnerable
  tc rate (lo)   : 6.67 Mbps  →  agent AMBR ≈ ~60 Mbps

  vulnerable:  3/30 trials | def4_meas=100% (3/3) | Q@k†: last=29.8%  mean=29.9%
  defended  : not started

  Latest vulnerable trial 003: def4_meas=True  Q@k†=29.8%  R:20→60 Mbps  elapsed=391s
=================================================================

=================================================================
  WAVE 1 STATUS  03:21:39 IST
=================================================================
  Queue position : INFO  Starting: exp1_vulnerable
  tc rate (lo)   : 20.00 Mbps  →  agent AMBR ≈ ~20 Mbps

  vulnerable:  4/30 trials | def4_meas=100% (4/4) | Q@k†: last=31.0%  mean=30.2%
  defended  : not started

  Latest vulnerable trial 004: def4_meas=True  Q@k†=31.0%  R:20→60 Mbps  elapsed=450s
=================================================================

=================================================================
  WAVE 1 STATUS  03:22:39 IST
=================================================================
  Queue position : INFO  Starting: exp1_vulnerable
  tc rate (lo)   : 20.00 Mbps  →  agent AMBR ≈ ~20 Mbps

  vulnerable:  4/30 trials | def4_meas=100% (4/4) | Q@k†: last=31.0%  mean=30.2%
  defended  : not started

  Latest vulnerable trial 004: def4_meas=True  Q@k†=31.0%  R:20→60 Mbps  elapsed=450s
=================================================================

=================================================================
  WAVE 1 STATUS  03:23:39 IST
=================================================================
  Queue position : INFO  Starting: exp1_vulnerable
  tc rate (lo)   : 20.00 Mbps  →  agent AMBR ≈ ~20 Mbps

  vulnerable:  4/30 trials | def4_meas=100% (4/4) | Q@k†: last=31.0%  mean=30.2%
  defended  : not started

  Latest vulnerable trial 004: def4_meas=True  Q@k†=31.0%  R:20→60 Mbps  elapsed=450s
=================================================================

=================================================================
  WAVE 1 STATUS  03:24:39 IST
=================================================================
  Queue position : INFO  Starting: exp1_vulnerable
  tc rate (lo)   : 20.00 Mbps  →  agent AMBR ≈ ~20 Mbps

  vulnerable:  4/30 trials | def4_meas=100% (4/4) | Q@k†: last=31.0%  mean=30.2%
  defended  : not started

  Latest vulnerable trial 004: def4_meas=True  Q@k†=31.0%  R:20→60 Mbps  elapsed=450s
=================================================================

=================================================================
  WAVE 1 STATUS  03:25:39 IST
=================================================================
  Queue position : INFO  Starting: exp1_vulnerable
  tc rate (lo)   : 13.33 Mbps  →  agent AMBR ≈ ~30 Mbps

  vulnerable:  4/30 trials | def4_meas=100% (4/4) | Q@k†: last=31.0%  mean=30.2%
  defended  : not started

  Latest vulnerable trial 004: def4_meas=True  Q@k†=31.0%  R:20→60 Mbps  elapsed=450s
=================================================================

=================================================================
  WAVE 1 STATUS  03:26:39 IST
=================================================================
  Queue position : INFO  Starting: exp1_vulnerable
  tc rate (lo)   : 13.33 Mbps  →  agent AMBR ≈ ~30 Mbps

  vulnerable:  4/30 trials | def4_meas=100% (4/4) | Q@k†: last=31.0%  mean=30.2%
  defended  : not started

  Latest vulnerable trial 004: def4_meas=True  Q@k†=31.0%  R:20→60 Mbps  elapsed=450s
=================================================================

=================================================================
  WAVE 1 STATUS  03:27:39 IST
=================================================================
  Queue position : INFO  Starting: exp1_vulnerable
  tc rate (lo)   : 13.33 Mbps  →  agent AMBR ≈ ~30 Mbps

  vulnerable:  4/30 trials | def4_meas=100% (4/4) | Q@k†: last=31.0%  mean=30.2%
  defended  : not started

  Latest vulnerable trial 004: def4_meas=True  Q@k†=31.0%  R:20→60 Mbps  elapsed=450s
=================================================================

=================================================================
  WAVE 1 STATUS  03:28:39 IST
=================================================================
  Queue position : INFO  Starting: exp1_vulnerable
  tc rate (lo)   : 8.89 Mbps  →  agent AMBR ≈ ~45 Mbps

  vulnerable:  4/30 trials | def4_meas=100% (4/4) | Q@k†: last=31.0%  mean=30.2%
  defended  : not started

  Latest vulnerable trial 004: def4_meas=True  Q@k†=31.0%  R:20→60 Mbps  elapsed=450s
=================================================================

=================================================================
  WAVE 1 STATUS  03:29:39 IST
=================================================================
  Queue position : INFO  Starting: exp1_vulnerable
  tc rate (lo)   : 8.89 Mbps  →  agent AMBR ≈ ~45 Mbps

  vulnerable:  4/30 trials | def4_meas=100% (4/4) | Q@k†: last=31.0%  mean=30.2%
  defended  : not started

  Latest vulnerable trial 004: def4_meas=True  Q@k†=31.0%  R:20→60 Mbps  elapsed=450s
=================================================================

=================================================================
  WAVE 1 STATUS  03:30:39 IST
=================================================================
  Queue position : INFO  Starting: exp1_vulnerable
  tc rate (lo)   : 6.67 Mbps  →  agent AMBR ≈ ~60 Mbps

  vulnerable:  4/30 trials | def4_meas=100% (4/4) | Q@k†: last=31.0%  mean=30.2%
  defended  : not started

  Latest vulnerable trial 004: def4_meas=True  Q@k†=31.0%  R:20→60 Mbps  elapsed=450s
=================================================================

=================================================================
  WAVE 1 STATUS  03:31:39 IST
=================================================================
  Queue position : INFO  Starting: exp1_vulnerable
  tc rate (lo)   : 20.00 Mbps  →  agent AMBR ≈ ~20 Mbps

  vulnerable:  5/30 trials | def4_meas=100% (5/5) | Q@k†: last=24.9%  mean=29.1%
  defended  : not started

  Latest vulnerable trial 005: def4_meas=True  Q@k†=24.9%  R:20→60 Mbps  elapsed=580s
=================================================================

=================================================================
  WAVE 1 STATUS  03:32:39 IST
=================================================================
  Queue position : INFO  Starting: exp1_vulnerable
  tc rate (lo)   : 20.00 Mbps  →  agent AMBR ≈ ~20 Mbps

  vulnerable:  5/30 trials | def4_meas=100% (5/5) | Q@k†: last=24.9%  mean=29.1%
  defended  : not started

  Latest vulnerable trial 005: def4_meas=True  Q@k†=24.9%  R:20→60 Mbps  elapsed=580s
=================================================================

=================================================================
  WAVE 1 STATUS  03:33:39 IST
=================================================================
  Queue position : INFO  Starting: exp1_vulnerable
  tc rate (lo)   : 20.00 Mbps  →  agent AMBR ≈ ~20 Mbps

  vulnerable:  5/30 trials | def4_meas=100% (5/5) | Q@k†: last=24.9%  mean=29.1%
  defended  : not started

  Latest vulnerable trial 005: def4_meas=True  Q@k†=24.9%  R:20→60 Mbps  elapsed=580s
=================================================================

=================================================================
  WAVE 1 STATUS  03:34:39 IST
=================================================================
  Queue position : INFO  Starting: exp1_vulnerable
  tc rate (lo)   : 20.00 Mbps  →  agent AMBR ≈ ~20 Mbps

  vulnerable:  5/30 trials | def4_meas=100% (5/5) | Q@k†: last=24.9%  mean=29.1%
  defended  : not started

  Latest vulnerable trial 005: def4_meas=True  Q@k†=24.9%  R:20→60 Mbps  elapsed=580s
=================================================================

=================================================================
  WAVE 1 STATUS  03:35:39 IST
=================================================================
  Queue position : INFO  Starting: exp1_vulnerable
  tc rate (lo)   : 10.00 Mbps  →  agent AMBR ≈ ~40 Mbps

  vulnerable:  5/30 trials | def4_meas=100% (5/5) | Q@k†: last=24.9%  mean=29.1%
  defended  : not started

  Latest vulnerable trial 005: def4_meas=True  Q@k†=24.9%  R:20→60 Mbps  elapsed=580s
=================================================================

=================================================================
  WAVE 1 STATUS  03:36:39 IST
=================================================================
  Queue position : INFO  Starting: exp1_vulnerable
  tc rate (lo)   : 10.00 Mbps  →  agent AMBR ≈ ~40 Mbps

  vulnerable:  5/30 trials | def4_meas=100% (5/5) | Q@k†: last=24.9%  mean=29.1%
  defended  : not started

  Latest vulnerable trial 005: def4_meas=True  Q@k†=24.9%  R:20→60 Mbps  elapsed=580s
=================================================================

=================================================================
  WAVE 1 STATUS  03:37:39 IST
=================================================================
  Queue position : INFO  Starting: exp1_vulnerable
  tc rate (lo)   : 6.67 Mbps  →  agent AMBR ≈ ~60 Mbps

  vulnerable:  5/30 trials | def4_meas=100% (5/5) | Q@k†: last=24.9%  mean=29.1%
  defended  : not started

  Latest vulnerable trial 005: def4_meas=True  Q@k†=24.9%  R:20→60 Mbps  elapsed=580s
=================================================================

=================================================================
  WAVE 1 STATUS  03:38:39 IST
=================================================================
  Queue position : INFO  Starting: exp1_vulnerable
  tc rate (lo)   : 6.67 Mbps  →  agent AMBR ≈ ~60 Mbps

  vulnerable:  5/30 trials | def4_meas=100% (5/5) | Q@k†: last=24.9%  mean=29.1%
  defended  : not started

  Latest vulnerable trial 005: def4_meas=True  Q@k†=24.9%  R:20→60 Mbps  elapsed=580s
=================================================================

=================================================================
  WAVE 1 STATUS  03:39:39 IST
=================================================================
  Queue position : INFO  Starting: exp1_vulnerable
  tc rate (lo)   : 20.00 Mbps  →  agent AMBR ≈ ~20 Mbps

  vulnerable:  6/30 trials | def4_meas=100% (6/6) | Q@k†: last=31.3%  mean=29.5%
  defended  : not started

  Latest vulnerable trial 006: def4_meas=True  Q@k†=31.3%  R:20→60 Mbps  elapsed=431s
=================================================================

=================================================================
  WAVE 1 STATUS  03:40:39 IST
=================================================================
  Queue position : INFO  Starting: exp1_vulnerable
  tc rate (lo)   : 20.00 Mbps  →  agent AMBR ≈ ~20 Mbps

  vulnerable:  6/30 trials | def4_meas=100% (6/6) | Q@k†: last=31.3%  mean=29.5%
  defended  : not started

  Latest vulnerable trial 006: def4_meas=True  Q@k†=31.3%  R:20→60 Mbps  elapsed=431s
=================================================================

=================================================================
  WAVE 1 STATUS  03:41:39 IST
=================================================================
  Queue position : INFO  Starting: exp1_vulnerable
  tc rate (lo)   : 20.00 Mbps  →  agent AMBR ≈ ~20 Mbps

  vulnerable:  6/30 trials | def4_meas=100% (6/6) | Q@k†: last=31.3%  mean=29.5%
  defended  : not started

  Latest vulnerable trial 006: def4_meas=True  Q@k†=31.3%  R:20→60 Mbps  elapsed=431s
=================================================================

=================================================================
  WAVE 1 STATUS  03:42:39 IST
=================================================================
  Queue position : INFO  Starting: exp1_vulnerable
  tc rate (lo)   : 10.00 Mbps  →  agent AMBR ≈ ~40 Mbps

  vulnerable:  6/30 trials | def4_meas=100% (6/6) | Q@k†: last=31.3%  mean=29.5%
  defended  : not started

  Latest vulnerable trial 006: def4_meas=True  Q@k†=31.3%  R:20→60 Mbps  elapsed=431s
=================================================================

=================================================================
  WAVE 1 STATUS  03:43:39 IST
=================================================================
  Queue position : INFO  Starting: exp1_vulnerable
  tc rate (lo)   : 10.00 Mbps  →  agent AMBR ≈ ~40 Mbps

  vulnerable:  6/30 trials | def4_meas=100% (6/6) | Q@k†: last=31.3%  mean=29.5%
  defended  : not started

  Latest vulnerable trial 006: def4_meas=True  Q@k†=31.3%  R:20→60 Mbps  elapsed=431s
=================================================================

=================================================================
  WAVE 1 STATUS  03:44:39 IST
=================================================================
  Queue position : INFO  Starting: exp1_vulnerable
  tc rate (lo)   : 10.00 Mbps  →  agent AMBR ≈ ~40 Mbps

  vulnerable:  6/30 trials | def4_meas=100% (6/6) | Q@k†: last=31.3%  mean=29.5%
  defended  : not started

  Latest vulnerable trial 006: def4_meas=True  Q@k†=31.3%  R:20→60 Mbps  elapsed=431s
=================================================================

=================================================================
  WAVE 1 STATUS  03:45:39 IST
=================================================================
  Queue position : INFO  Starting: exp1_vulnerable
  tc rate (lo)   : 6.67 Mbps  →  agent AMBR ≈ ~60 Mbps

  vulnerable:  6/30 trials | def4_meas=100% (6/6) | Q@k†: last=31.3%  mean=29.5%
  defended  : not started

  Latest vulnerable trial 006: def4_meas=True  Q@k†=31.3%  R:20→60 Mbps  elapsed=431s
=================================================================

=================================================================
  WAVE 1 STATUS  03:46:39 IST
=================================================================
  Queue position : INFO  Starting: exp1_vulnerable
  tc rate (lo)   : 6.67 Mbps  →  agent AMBR ≈ ~60 Mbps

  vulnerable:  6/30 trials | def4_meas=100% (6/6) | Q@k†: last=31.3%  mean=29.5%
  defended  : not started

  Latest vulnerable trial 006: def4_meas=True  Q@k†=31.3%  R:20→60 Mbps  elapsed=431s
=================================================================

=================================================================
  WAVE 1 STATUS  03:47:39 IST
=================================================================
  Queue position : INFO  Starting: exp1_vulnerable
  tc rate (lo)   : 20.00 Mbps  →  agent AMBR ≈ ~20 Mbps

  vulnerable:  7/30 trials | def4_meas=100% (7/7) | Q@k†: last=32.3%  mean=29.9%
  defended  : not started

  Latest vulnerable trial 007: def4_meas=True  Q@k†=32.3%  R:20→60 Mbps  elapsed=424s
=================================================================

=================================================================
  WAVE 1 STATUS  03:48:39 IST
=================================================================
  Queue position : INFO  Starting: exp1_vulnerable
  tc rate (lo)   : 20.00 Mbps  →  agent AMBR ≈ ~20 Mbps

  vulnerable:  7/30 trials | def4_meas=100% (7/7) | Q@k†: last=32.3%  mean=29.9%
  defended  : not started

  Latest vulnerable trial 007: def4_meas=True  Q@k†=32.3%  R:20→60 Mbps  elapsed=424s
=================================================================

=================================================================
  WAVE 1 STATUS  03:49:39 IST
=================================================================
  Queue position : INFO  Starting: exp1_vulnerable
  tc rate (lo)   : 20.00 Mbps  →  agent AMBR ≈ ~20 Mbps

  vulnerable:  7/30 trials | def4_meas=100% (7/7) | Q@k†: last=32.3%  mean=29.9%
  defended  : not started

  Latest vulnerable trial 007: def4_meas=True  Q@k†=32.3%  R:20→60 Mbps  elapsed=424s
=================================================================

=================================================================
  WAVE 1 STATUS  03:50:39 IST
=================================================================
  Queue position : INFO  Starting: exp1_vulnerable
  tc rate (lo)   : 20.00 Mbps  →  agent AMBR ≈ ~20 Mbps

  vulnerable:  7/30 trials | def4_meas=100% (7/7) | Q@k†: last=32.3%  mean=29.9%
  defended  : not started

  Latest vulnerable trial 007: def4_meas=True  Q@k†=32.3%  R:20→60 Mbps  elapsed=424s
=================================================================

=================================================================
  WAVE 1 STATUS  03:51:39 IST
=================================================================
  Queue position : INFO  Starting: exp1_vulnerable
  tc rate (lo)   : 20.00 Mbps  →  agent AMBR ≈ ~20 Mbps

  vulnerable:  7/30 trials | def4_meas=100% (7/7) | Q@k†: last=32.3%  mean=29.9%
  defended  : not started

  Latest vulnerable trial 007: def4_meas=True  Q@k†=32.3%  R:20→60 Mbps  elapsed=424s
=================================================================

=================================================================
  WAVE 1 STATUS  03:52:39 IST
=================================================================
  Queue position : INFO  Starting: exp1_vulnerable
  tc rate (lo)   : 13.33 Mbps  →  agent AMBR ≈ ~30 Mbps

  vulnerable:  7/30 trials | def4_meas=100% (7/7) | Q@k†: last=32.3%  mean=29.9%
  defended  : not started

  Latest vulnerable trial 007: def4_meas=True  Q@k†=32.3%  R:20→60 Mbps  elapsed=424s
=================================================================

=================================================================
  WAVE 1 STATUS  03:53:39 IST
=================================================================
  Queue position : INFO  Starting: exp1_vulnerable
  tc rate (lo)   : 13.33 Mbps  →  agent AMBR ≈ ~30 Mbps

  vulnerable:  7/30 trials | def4_meas=100% (7/7) | Q@k†: last=32.3%  mean=29.9%
  defended  : not started

  Latest vulnerable trial 007: def4_meas=True  Q@k†=32.3%  R:20→60 Mbps  elapsed=424s
=================================================================

=================================================================
  WAVE 1 STATUS  03:54:39 IST
=================================================================
  Queue position : INFO  Starting: exp1_vulnerable
  tc rate (lo)   : 8.89 Mbps  →  agent AMBR ≈ ~45 Mbps

  vulnerable:  7/30 trials | def4_meas=100% (7/7) | Q@k†: last=32.3%  mean=29.9%
  defended  : not started

  Latest vulnerable trial 007: def4_meas=True  Q@k†=32.3%  R:20→60 Mbps  elapsed=424s
=================================================================

=================================================================
  WAVE 1 STATUS  03:55:39 IST
=================================================================
  Queue position : INFO  Starting: exp1_vulnerable
  tc rate (lo)   : 8.89 Mbps  →  agent AMBR ≈ ~45 Mbps

  vulnerable:  7/30 trials | def4_meas=100% (7/7) | Q@k†: last=32.3%  mean=29.9%
  defended  : not started

  Latest vulnerable trial 007: def4_meas=True  Q@k†=32.3%  R:20→60 Mbps  elapsed=424s
=================================================================

=================================================================
  WAVE 1 STATUS  03:56:39 IST
=================================================================
  Queue position : INFO  Starting: exp1_vulnerable
  tc rate (lo)   : 6.67 Mbps  →  agent AMBR ≈ ~60 Mbps

  vulnerable:  7/30 trials | def4_meas=100% (7/7) | Q@k†: last=32.3%  mean=29.9%
  defended  : not started

  Latest vulnerable trial 007: def4_meas=True  Q@k†=32.3%  R:20→60 Mbps  elapsed=424s
=================================================================

=================================================================
  WAVE 1 STATUS  03:57:39 IST
=================================================================
  Queue position : INFO  Starting: exp1_vulnerable
  tc rate (lo)   : 20.00 Mbps  →  agent AMBR ≈ ~20 Mbps

  vulnerable:  8/30 trials | def4_meas=100% (8/8) | Q@k†: last=17.0%  mean=28.3%
  defended  : not started

  Latest vulnerable trial 008: def4_meas=True  Q@k†=17.0%  R:20→60 Mbps  elapsed=539s
=================================================================

=================================================================
  WAVE 1 STATUS  03:58:39 IST
=================================================================
  Queue position : INFO  Starting: exp1_vulnerable
  tc rate (lo)   : 20.00 Mbps  →  agent AMBR ≈ ~20 Mbps

  vulnerable:  8/30 trials | def4_meas=100% (8/8) | Q@k†: last=17.0%  mean=28.3%
  defended  : not started

  Latest vulnerable trial 008: def4_meas=True  Q@k†=17.0%  R:20→60 Mbps  elapsed=539s
=================================================================

=================================================================
  WAVE 1 STATUS  03:59:39 IST
=================================================================
  Queue position : INFO  Starting: exp1_vulnerable
  tc rate (lo)   : 20.00 Mbps  →  agent AMBR ≈ ~20 Mbps

  vulnerable:  8/30 trials | def4_meas=100% (8/8) | Q@k†: last=17.0%  mean=28.3%
  defended  : not started

  Latest vulnerable trial 008: def4_meas=True  Q@k†=17.0%  R:20→60 Mbps  elapsed=539s
=================================================================

=================================================================
  WAVE 1 STATUS  04:00:39 IST
=================================================================
  Queue position : INFO  Starting: exp1_vulnerable
  tc rate (lo)   : 10.00 Mbps  →  agent AMBR ≈ ~40 Mbps

  vulnerable:  8/30 trials | def4_meas=100% (8/8) | Q@k†: last=17.0%  mean=28.3%
  defended  : not started

  Latest vulnerable trial 008: def4_meas=True  Q@k†=17.0%  R:20→60 Mbps  elapsed=539s
=================================================================

=================================================================
  WAVE 1 STATUS  04:01:39 IST
=================================================================
  Queue position : INFO  Starting: exp1_vulnerable
  tc rate (lo)   : 10.00 Mbps  →  agent AMBR ≈ ~40 Mbps

  vulnerable:  8/30 trials | def4_meas=100% (8/8) | Q@k†: last=17.0%  mean=28.3%
  defended  : not started

  Latest vulnerable trial 008: def4_meas=True  Q@k†=17.0%  R:20→60 Mbps  elapsed=539s
=================================================================

=================================================================
  WAVE 1 STATUS  04:02:39 IST
=================================================================
  Queue position : INFO  Starting: exp1_vulnerable
  tc rate (lo)   : 6.67 Mbps  →  agent AMBR ≈ ~60 Mbps

  vulnerable:  8/30 trials | def4_meas=100% (8/8) | Q@k†: last=17.0%  mean=28.3%
  defended  : not started

  Latest vulnerable trial 008: def4_meas=True  Q@k†=17.0%  R:20→60 Mbps  elapsed=539s
=================================================================

=================================================================
  WAVE 1 STATUS  04:03:39 IST
=================================================================
  Queue position : INFO  Starting: exp1_vulnerable
  tc rate (lo)   : 6.67 Mbps  →  agent AMBR ≈ ~60 Mbps

  vulnerable:  9/30 trials | def4_meas=100% (9/9) | Q@k†: last=32.6%  mean=28.8%
  defended  : not started

  Latest vulnerable trial 009: def4_meas=True  Q@k†=32.6%  R:20→60 Mbps  elapsed=333s
=================================================================

=================================================================
  WAVE 1 STATUS  04:04:39 IST
=================================================================
  Queue position : INFO  Starting: exp1_vulnerable
  tc rate (lo)   : 20.00 Mbps  →  agent AMBR ≈ ~20 Mbps

  vulnerable:  9/30 trials | def4_meas=100% (9/9) | Q@k†: last=32.6%  mean=28.8%
  defended  : not started

  Latest vulnerable trial 009: def4_meas=True  Q@k†=32.6%  R:20→60 Mbps  elapsed=333s
=================================================================

=================================================================
  WAVE 1 STATUS  04:05:39 IST
=================================================================
  Queue position : INFO  Starting: exp1_vulnerable
  tc rate (lo)   : 10.00 Mbps  →  agent AMBR ≈ ~40 Mbps

  vulnerable:  9/30 trials | def4_meas=100% (9/9) | Q@k†: last=32.6%  mean=28.8%
  defended  : not started

  Latest vulnerable trial 009: def4_meas=True  Q@k†=32.6%  R:20→60 Mbps  elapsed=333s
=================================================================

=================================================================
  WAVE 1 STATUS  04:06:39 IST
=================================================================
  Queue position : INFO  Starting: exp1_vulnerable
  tc rate (lo)   : 10.00 Mbps  →  agent AMBR ≈ ~40 Mbps

  vulnerable:  9/30 trials | def4_meas=100% (9/9) | Q@k†: last=32.6%  mean=28.8%
  defended  : not started

  Latest vulnerable trial 009: def4_meas=True  Q@k†=32.6%  R:20→60 Mbps  elapsed=333s
=================================================================

=================================================================
  WAVE 1 STATUS  04:07:39 IST
=================================================================
  Queue position : INFO  Starting: exp1_vulnerable
  tc rate (lo)   : 6.67 Mbps  →  agent AMBR ≈ ~60 Mbps

  vulnerable:  9/30 trials | def4_meas=100% (9/9) | Q@k†: last=32.6%  mean=28.8%
  defended  : not started

  Latest vulnerable trial 009: def4_meas=True  Q@k†=32.6%  R:20→60 Mbps  elapsed=333s
=================================================================

=================================================================
  WAVE 1 STATUS  04:08:40 IST
=================================================================
  Queue position : INFO  Starting: exp1_vulnerable
  tc rate (lo)   : 20.00 Mbps  →  agent AMBR ≈ ~20 Mbps

  vulnerable: 10/30 trials | def4_meas=100% (10/10) | Q@k†: last=30.4%  mean=28.9%
  defended  : not started

  Latest vulnerable trial 010: def4_meas=True  Q@k†=30.4%  R:20→60 Mbps  elapsed=243s
=================================================================

=================================================================
  WAVE 1 STATUS  04:09:40 IST
=================================================================
  Queue position : INFO  Starting: exp1_vulnerable
  tc rate (lo)   : 20.00 Mbps  →  agent AMBR ≈ ~20 Mbps

  vulnerable: 10/30 trials | def4_meas=100% (10/10) | Q@k†: last=30.4%  mean=28.9%
  defended  : not started

  Latest vulnerable trial 010: def4_meas=True  Q@k†=30.4%  R:20→60 Mbps  elapsed=243s
=================================================================

=================================================================
  WAVE 1 STATUS  04:10:40 IST
=================================================================
  Queue position : INFO  Starting: exp1_vulnerable
  tc rate (lo)   : 20.00 Mbps  →  agent AMBR ≈ ~20 Mbps

  vulnerable: 10/30 trials | def4_meas=100% (10/10) | Q@k†: last=30.4%  mean=28.9%
  defended  : not started

  Latest vulnerable trial 010: def4_meas=True  Q@k†=30.4%  R:20→60 Mbps  elapsed=243s
=================================================================

=================================================================
  WAVE 1 STATUS  04:11:40 IST
=================================================================
  Queue position : INFO  Starting: exp1_vulnerable
  tc rate (lo)   : 13.33 Mbps  →  agent AMBR ≈ ~30 Mbps

  vulnerable: 10/30 trials | def4_meas=100% (10/10) | Q@k†: last=30.4%  mean=28.9%
  defended  : not started

  Latest vulnerable trial 010: def4_meas=True  Q@k†=30.4%  R:20→60 Mbps  elapsed=243s
=================================================================

=================================================================
  WAVE 1 STATUS  04:12:40 IST
=================================================================
  Queue position : INFO  Starting: exp1_vulnerable
  tc rate (lo)   : 13.33 Mbps  →  agent AMBR ≈ ~30 Mbps

  vulnerable: 10/30 trials | def4_meas=100% (10/10) | Q@k†: last=30.4%  mean=28.9%
  defended  : not started

  Latest vulnerable trial 010: def4_meas=True  Q@k†=30.4%  R:20→60 Mbps  elapsed=243s
=================================================================

=================================================================
  WAVE 1 STATUS  04:13:40 IST
=================================================================
  Queue position : INFO  Starting: exp1_vulnerable
  tc rate (lo)   : 8.89 Mbps  →  agent AMBR ≈ ~45 Mbps

  vulnerable: 10/30 trials | def4_meas=100% (10/10) | Q@k†: last=30.4%  mean=28.9%
  defended  : not started

  Latest vulnerable trial 010: def4_meas=True  Q@k†=30.4%  R:20→60 Mbps  elapsed=243s
=================================================================

=================================================================
  WAVE 1 STATUS  04:14:40 IST
=================================================================
  Queue position : INFO  Starting: exp1_vulnerable
  tc rate (lo)   : 6.67 Mbps  →  agent AMBR ≈ ~60 Mbps

  vulnerable: 10/30 trials | def4_meas=100% (10/10) | Q@k†: last=30.4%  mean=28.9%
  defended  : not started

  Latest vulnerable trial 010: def4_meas=True  Q@k†=30.4%  R:20→60 Mbps  elapsed=243s
=================================================================

=================================================================
  WAVE 1 STATUS  04:15:40 IST
=================================================================
  Queue position : INFO  Starting: exp1_vulnerable
  tc rate (lo)   : 20.00 Mbps  →  agent AMBR ≈ ~20 Mbps

  vulnerable: 11/30 trials | def4_meas=100% (11/11) | Q@k†: last=17.1%  mean=27.9%
  defended  : not started

  Latest vulnerable trial 011: def4_meas=True  Q@k†=17.1%  R:20→60 Mbps  elapsed=373s
=================================================================

=================================================================
  WAVE 1 STATUS  04:16:40 IST
=================================================================
  Queue position : INFO  Starting: exp1_vulnerable
  tc rate (lo)   : 20.00 Mbps  →  agent AMBR ≈ ~20 Mbps

  vulnerable: 11/30 trials | def4_meas=100% (11/11) | Q@k†: last=17.1%  mean=27.9%
  defended  : not started

  Latest vulnerable trial 011: def4_meas=True  Q@k†=17.1%  R:20→60 Mbps  elapsed=373s
=================================================================

=================================================================
  WAVE 1 STATUS  04:17:40 IST
=================================================================
  Queue position : INFO  Starting: exp1_vulnerable
  tc rate (lo)   : 20.00 Mbps  →  agent AMBR ≈ ~20 Mbps

  vulnerable: 11/30 trials | def4_meas=100% (11/11) | Q@k†: last=17.1%  mean=27.9%
  defended  : not started

  Latest vulnerable trial 011: def4_meas=True  Q@k†=17.1%  R:20→60 Mbps  elapsed=373s
=================================================================

=================================================================
  WAVE 1 STATUS  04:18:40 IST
=================================================================
  Queue position : INFO  Starting: exp1_vulnerable
  tc rate (lo)   : 10.00 Mbps  →  agent AMBR ≈ ~40 Mbps

  vulnerable: 11/30 trials | def4_meas=100% (11/11) | Q@k†: last=17.1%  mean=27.9%
  defended  : not started

  Latest vulnerable trial 011: def4_meas=True  Q@k†=17.1%  R:20→60 Mbps  elapsed=373s
=================================================================

=================================================================
  WAVE 1 STATUS  04:19:40 IST
=================================================================
  Queue position : INFO  Starting: exp1_vulnerable
  tc rate (lo)   : 10.00 Mbps  →  agent AMBR ≈ ~40 Mbps

  vulnerable: 11/30 trials | def4_meas=100% (11/11) | Q@k†: last=17.1%  mean=27.9%
  defended  : not started

  Latest vulnerable trial 011: def4_meas=True  Q@k†=17.1%  R:20→60 Mbps  elapsed=373s
=================================================================

=================================================================
  WAVE 1 STATUS  04:20:40 IST
=================================================================
  Queue position : INFO  Starting: exp1_vulnerable
  tc rate (lo)   : 6.67 Mbps  →  agent AMBR ≈ ~60 Mbps

  vulnerable: 11/30 trials | def4_meas=100% (11/11) | Q@k†: last=17.1%  mean=27.9%
  defended  : not started

  Latest vulnerable trial 011: def4_meas=True  Q@k†=17.1%  R:20→60 Mbps  elapsed=373s
=================================================================

=================================================================
  WAVE 1 STATUS  04:21:40 IST
=================================================================
  Queue position : INFO  Starting: exp1_vulnerable
  tc rate (lo)   : 20.00 Mbps  →  agent AMBR ≈ ~20 Mbps

  vulnerable: 12/30 trials | def4_meas=100% (12/12) | Q@k†: last=32.7%  mean=28.3%
  defended  : not started

  Latest vulnerable trial 012: def4_meas=True  Q@k†=32.7%  R:20→60 Mbps  elapsed=312s
=================================================================

=================================================================
  WAVE 1 STATUS  04:22:40 IST
=================================================================
  Queue position : INFO  Starting: exp1_vulnerable
  tc rate (lo)   : 20.00 Mbps  →  agent AMBR ≈ ~20 Mbps

  vulnerable: 12/30 trials | def4_meas=100% (12/12) | Q@k†: last=32.7%  mean=28.3%
  defended  : not started

  Latest vulnerable trial 012: def4_meas=True  Q@k†=32.7%  R:20→60 Mbps  elapsed=312s
=================================================================

=================================================================
  WAVE 1 STATUS  04:23:40 IST
=================================================================
  Queue position : INFO  Starting: exp1_vulnerable
  tc rate (lo)   : 10.00 Mbps  →  agent AMBR ≈ ~40 Mbps

  vulnerable: 12/30 trials | def4_meas=100% (12/12) | Q@k†: last=32.7%  mean=28.3%
  defended  : not started

  Latest vulnerable trial 012: def4_meas=True  Q@k†=32.7%  R:20→60 Mbps  elapsed=312s
=================================================================

=================================================================
  WAVE 1 STATUS  04:24:40 IST
=================================================================
  Queue position : INFO  Starting: exp1_vulnerable
  tc rate (lo)   : 10.00 Mbps  →  agent AMBR ≈ ~40 Mbps

  vulnerable: 12/30 trials | def4_meas=100% (12/12) | Q@k†: last=32.7%  mean=28.3%
  defended  : not started

  Latest vulnerable trial 012: def4_meas=True  Q@k†=32.7%  R:20→60 Mbps  elapsed=312s
=================================================================

=================================================================
  WAVE 1 STATUS  04:25:40 IST
=================================================================
  Queue position : INFO  Starting: exp1_vulnerable
  tc rate (lo)   : 8.00 Mbps  →  agent AMBR ≈ ~50 Mbps

  vulnerable: 12/30 trials | def4_meas=100% (12/12) | Q@k†: last=32.7%  mean=28.3%
  defended  : not started

  Latest vulnerable trial 012: def4_meas=True  Q@k†=32.7%  R:20→60 Mbps  elapsed=312s
=================================================================

=================================================================
  WAVE 1 STATUS  04:26:40 IST
=================================================================
  Queue position : INFO  Starting: exp1_vulnerable
  tc rate (lo)   : 8.00 Mbps  →  agent AMBR ≈ ~50 Mbps

  vulnerable: 12/30 trials | def4_meas=100% (12/12) | Q@k†: last=32.7%  mean=28.3%
  defended  : not started

  Latest vulnerable trial 012: def4_meas=True  Q@k†=32.7%  R:20→60 Mbps  elapsed=312s
=================================================================

=================================================================
  WAVE 1 STATUS  04:27:40 IST
=================================================================
  Queue position : INFO  Starting: exp1_vulnerable
  tc rate (lo)   : 6.67 Mbps  →  agent AMBR ≈ ~60 Mbps

  vulnerable: 12/30 trials | def4_meas=100% (12/12) | Q@k†: last=32.7%  mean=28.3%
  defended  : not started

  Latest vulnerable trial 012: def4_meas=True  Q@k†=32.7%  R:20→60 Mbps  elapsed=312s
=================================================================

=================================================================
  WAVE 1 STATUS  04:28:40 IST
=================================================================
  Queue position : INFO  Starting: exp1_vulnerable
  tc rate (lo)   : 6.67 Mbps  →  agent AMBR ≈ ~60 Mbps

  vulnerable: 13/30 trials | def4_meas=100% (13/13) | Q@k†: last=32.8%  mean=28.6%
  defended  : not started

  Latest vulnerable trial 013: def4_meas=True  Q@k†=32.8%  R:20→60 Mbps  elapsed=383s
=================================================================

=================================================================
  WAVE 1 STATUS  04:29:40 IST
=================================================================
  Queue position : INFO  Starting: exp1_vulnerable
  tc rate (lo)   : 20.00 Mbps  →  agent AMBR ≈ ~20 Mbps

  vulnerable: 13/30 trials | def4_meas=100% (13/13) | Q@k†: last=32.8%  mean=28.6%
  defended  : not started

  Latest vulnerable trial 013: def4_meas=True  Q@k†=32.8%  R:20→60 Mbps  elapsed=383s
=================================================================

=================================================================
  WAVE 1 STATUS  04:30:40 IST
=================================================================
  Queue position : INFO  Starting: exp1_vulnerable
  tc rate (lo)   : 20.00 Mbps  →  agent AMBR ≈ ~20 Mbps

  vulnerable: 13/30 trials | def4_meas=100% (13/13) | Q@k†: last=32.8%  mean=28.6%
  defended  : not started

  Latest vulnerable trial 013: def4_meas=True  Q@k†=32.8%  R:20→60 Mbps  elapsed=383s
=================================================================

=================================================================
  WAVE 1 STATUS  04:31:40 IST
=================================================================
  Queue position : INFO  Starting: exp1_vulnerable
  tc rate (lo)   : 20.00 Mbps  →  agent AMBR ≈ ~20 Mbps

  vulnerable: 13/30 trials | def4_meas=100% (13/13) | Q@k†: last=32.8%  mean=28.6%
  defended  : not started

  Latest vulnerable trial 013: def4_meas=True  Q@k†=32.8%  R:20→60 Mbps  elapsed=383s
=================================================================

=================================================================
  WAVE 1 STATUS  04:32:40 IST
=================================================================
  Queue position : INFO  Starting: exp1_vulnerable
  tc rate (lo)   : 13.33 Mbps  →  agent AMBR ≈ ~30 Mbps

  vulnerable: 13/30 trials | def4_meas=100% (13/13) | Q@k†: last=32.8%  mean=28.6%
  defended  : not started

  Latest vulnerable trial 013: def4_meas=True  Q@k†=32.8%  R:20→60 Mbps  elapsed=383s
=================================================================

=================================================================
  WAVE 1 STATUS  04:33:40 IST
=================================================================
  Queue position : INFO  Starting: exp1_vulnerable
  tc rate (lo)   : 13.33 Mbps  →  agent AMBR ≈ ~30 Mbps

  vulnerable: 13/30 trials | def4_meas=100% (13/13) | Q@k†: last=32.8%  mean=28.6%
  defended  : not started

  Latest vulnerable trial 013: def4_meas=True  Q@k†=32.8%  R:20→60 Mbps  elapsed=383s
=================================================================

=================================================================
  WAVE 1 STATUS  04:34:40 IST
=================================================================
  Queue position : INFO  Starting: exp1_vulnerable
  tc rate (lo)   : 8.89 Mbps  →  agent AMBR ≈ ~45 Mbps

  vulnerable: 13/30 trials | def4_meas=100% (13/13) | Q@k†: last=32.8%  mean=28.6%
  defended  : not started

  Latest vulnerable trial 013: def4_meas=True  Q@k†=32.8%  R:20→60 Mbps  elapsed=383s
=================================================================

=================================================================
  WAVE 1 STATUS  04:35:40 IST
=================================================================
  Queue position : INFO  Starting: exp1_vulnerable
  tc rate (lo)   : 6.67 Mbps  →  agent AMBR ≈ ~60 Mbps

  vulnerable: 13/30 trials | def4_meas=100% (13/13) | Q@k†: last=32.8%  mean=28.6%
  defended  : not started

  Latest vulnerable trial 013: def4_meas=True  Q@k†=32.8%  R:20→60 Mbps  elapsed=383s
=================================================================

=================================================================
  WAVE 1 STATUS  04:36:40 IST
=================================================================
  Queue position : INFO  Starting: exp1_vulnerable
  tc rate (lo)   : 20.00 Mbps  →  agent AMBR ≈ ~20 Mbps

  vulnerable: 14/30 trials | def4_meas=100% (14/14) | Q@k†: last=22.0%  mean=28.1%
  defended  : not started

  Latest vulnerable trial 014: def4_meas=True  Q@k†=22.0%  R:20→60 Mbps  elapsed=412s
=================================================================

=================================================================
  WAVE 1 STATUS  04:37:40 IST
=================================================================
  Queue position : INFO  Starting: exp1_vulnerable
  tc rate (lo)   : 20.00 Mbps  →  agent AMBR ≈ ~20 Mbps

  vulnerable: 14/30 trials | def4_meas=100% (14/14) | Q@k†: last=22.0%  mean=28.1%
  defended  : not started

  Latest vulnerable trial 014: def4_meas=True  Q@k†=22.0%  R:20→60 Mbps  elapsed=412s
=================================================================

=================================================================
  WAVE 1 STATUS  04:38:40 IST
=================================================================
  Queue position : INFO  Starting: exp1_vulnerable
  tc rate (lo)   : 20.00 Mbps  →  agent AMBR ≈ ~20 Mbps

  vulnerable: 14/30 trials | def4_meas=100% (14/14) | Q@k†: last=22.0%  mean=28.1%
  defended  : not started

  Latest vulnerable trial 014: def4_meas=True  Q@k†=22.0%  R:20→60 Mbps  elapsed=412s
=================================================================

=================================================================
  WAVE 1 STATUS  04:39:40 IST
=================================================================
  Queue position : INFO  Starting: exp1_vulnerable
  tc rate (lo)   : 10.00 Mbps  →  agent AMBR ≈ ~40 Mbps

  vulnerable: 14/30 trials | def4_meas=100% (14/14) | Q@k†: last=22.0%  mean=28.1%
  defended  : not started

  Latest vulnerable trial 014: def4_meas=True  Q@k†=22.0%  R:20→60 Mbps  elapsed=412s
=================================================================

=================================================================
  WAVE 1 STATUS  04:40:40 IST
=================================================================
  Queue position : INFO  Starting: exp1_vulnerable
  tc rate (lo)   : 10.00 Mbps  →  agent AMBR ≈ ~40 Mbps

  vulnerable: 14/30 trials | def4_meas=100% (14/14) | Q@k†: last=22.0%  mean=28.1%
  defended  : not started

  Latest vulnerable trial 014: def4_meas=True  Q@k†=22.0%  R:20→60 Mbps  elapsed=412s
=================================================================

=================================================================
  WAVE 1 STATUS  04:41:40 IST
=================================================================
  Queue position : INFO  Starting: exp1_vulnerable
  tc rate (lo)   : 6.67 Mbps  →  agent AMBR ≈ ~60 Mbps

  vulnerable: 14/30 trials | def4_meas=100% (14/14) | Q@k†: last=22.0%  mean=28.1%
  defended  : not started

  Latest vulnerable trial 014: def4_meas=True  Q@k†=22.0%  R:20→60 Mbps  elapsed=412s
=================================================================

=================================================================
  WAVE 1 STATUS  04:42:40 IST
=================================================================
  Queue position : INFO  Starting: exp1_vulnerable
  tc rate (lo)   : 20.00 Mbps  →  agent AMBR ≈ ~20 Mbps

  vulnerable: 15/30 trials | def4_meas=100% (15/15) | Q@k†: last=23.1%  mean=27.8%
  defended  : not started

  Latest vulnerable trial 015: def4_meas=True  Q@k†=23.1%  R:20→60 Mbps  elapsed=301s
=================================================================

=================================================================
  WAVE 1 STATUS  04:43:40 IST
=================================================================
  Queue position : INFO  Starting: exp1_vulnerable
  tc rate (lo)   : 20.00 Mbps  →  agent AMBR ≈ ~20 Mbps

  vulnerable: 15/30 trials | def4_meas=100% (15/15) | Q@k†: last=23.1%  mean=27.8%
  defended  : not started

  Latest vulnerable trial 015: def4_meas=True  Q@k†=23.1%  R:20→60 Mbps  elapsed=301s
=================================================================

=================================================================
  WAVE 1 STATUS  04:44:40 IST
=================================================================
  Queue position : INFO  Starting: exp1_vulnerable
  tc rate (lo)   : 20.00 Mbps  →  agent AMBR ≈ ~20 Mbps

  vulnerable: 15/30 trials | def4_meas=100% (15/15) | Q@k†: last=23.1%  mean=27.8%
  defended  : not started

  Latest vulnerable trial 015: def4_meas=True  Q@k†=23.1%  R:20→60 Mbps  elapsed=301s
=================================================================

=================================================================
  WAVE 1 STATUS  04:45:40 IST
=================================================================
  Queue position : INFO  Starting: exp1_vulnerable
  tc rate (lo)   : 10.00 Mbps  →  agent AMBR ≈ ~40 Mbps

  vulnerable: 15/30 trials | def4_meas=100% (15/15) | Q@k†: last=23.1%  mean=27.8%
  defended  : not started

  Latest vulnerable trial 015: def4_meas=True  Q@k†=23.1%  R:20→60 Mbps  elapsed=301s
=================================================================

=================================================================
  WAVE 1 STATUS  04:46:40 IST
=================================================================
  Queue position : INFO  Starting: exp1_vulnerable
  tc rate (lo)   : 10.00 Mbps  →  agent AMBR ≈ ~40 Mbps

  vulnerable: 15/30 trials | def4_meas=100% (15/15) | Q@k†: last=23.1%  mean=27.8%
  defended  : not started

  Latest vulnerable trial 015: def4_meas=True  Q@k†=23.1%  R:20→60 Mbps  elapsed=301s
=================================================================

=================================================================
  WAVE 1 STATUS  04:47:40 IST
=================================================================
  Queue position : INFO  Starting: exp1_vulnerable
  tc rate (lo)   : 6.67 Mbps  →  agent AMBR ≈ ~60 Mbps

  vulnerable: 15/30 trials | def4_meas=100% (15/15) | Q@k†: last=23.1%  mean=27.8%
  defended  : not started

  Latest vulnerable trial 015: def4_meas=True  Q@k†=23.1%  R:20→60 Mbps  elapsed=301s
=================================================================

=================================================================
  WAVE 1 STATUS  04:48:40 IST
=================================================================
  Queue position : INFO  Starting: exp1_vulnerable
  tc rate (lo)   : 20.00 Mbps  →  agent AMBR ≈ ~20 Mbps

  vulnerable: 16/30 trials | def4_meas=100% (16/16) | Q@k†: last=32.5%  mean=28.1%
  defended  : not started

  Latest vulnerable trial 016: def4_meas=True  Q@k†=32.5%  R:20→60 Mbps  elapsed=313s
=================================================================

=================================================================
  WAVE 1 STATUS  04:49:40 IST
=================================================================
  Queue position : INFO  Starting: exp1_vulnerable
  tc rate (lo)   : 20.00 Mbps  →  agent AMBR ≈ ~20 Mbps

  vulnerable: 16/30 trials | def4_meas=100% (16/16) | Q@k†: last=32.5%  mean=28.1%
  defended  : not started

  Latest vulnerable trial 016: def4_meas=True  Q@k†=32.5%  R:20→60 Mbps  elapsed=313s
=================================================================

=================================================================
  WAVE 1 STATUS  04:50:40 IST
=================================================================
  Queue position : INFO  Starting: exp1_vulnerable
  tc rate (lo)   : 20.00 Mbps  →  agent AMBR ≈ ~20 Mbps

  vulnerable: 16/30 trials | def4_meas=100% (16/16) | Q@k†: last=32.5%  mean=28.1%
  defended  : not started

  Latest vulnerable trial 016: def4_meas=True  Q@k†=32.5%  R:20→60 Mbps  elapsed=313s
=================================================================

=================================================================
  WAVE 1 STATUS  04:51:40 IST
=================================================================
  Queue position : INFO  Starting: exp1_vulnerable
  tc rate (lo)   : 13.33 Mbps  →  agent AMBR ≈ ~30 Mbps

  vulnerable: 16/30 trials | def4_meas=100% (16/16) | Q@k†: last=32.5%  mean=28.1%
  defended  : not started

  Latest vulnerable trial 016: def4_meas=True  Q@k†=32.5%  R:20→60 Mbps  elapsed=313s
=================================================================

=================================================================
  WAVE 1 STATUS  04:52:40 IST
=================================================================
  Queue position : INFO  Starting: exp1_vulnerable
  tc rate (lo)   : 8.89 Mbps  →  agent AMBR ≈ ~45 Mbps

  vulnerable: 16/30 trials | def4_meas=100% (16/16) | Q@k†: last=32.5%  mean=28.1%
  defended  : not started

  Latest vulnerable trial 016: def4_meas=True  Q@k†=32.5%  R:20→60 Mbps  elapsed=313s
=================================================================

=================================================================
  WAVE 1 STATUS  04:53:40 IST
=================================================================
  Queue position : INFO  Starting: exp1_vulnerable
  tc rate (lo)   : 8.89 Mbps  →  agent AMBR ≈ ~45 Mbps

  vulnerable: 16/30 trials | def4_meas=100% (16/16) | Q@k†: last=32.5%  mean=28.1%
  defended  : not started

  Latest vulnerable trial 016: def4_meas=True  Q@k†=32.5%  R:20→60 Mbps  elapsed=313s
=================================================================

=================================================================
  WAVE 1 STATUS  04:54:40 IST
=================================================================
  Queue position : INFO  Starting: exp1_vulnerable
  tc rate (lo)   : 6.67 Mbps  →  agent AMBR ≈ ~60 Mbps

  vulnerable: 16/30 trials | def4_meas=100% (16/16) | Q@k†: last=32.5%  mean=28.1%
  defended  : not started

  Latest vulnerable trial 016: def4_meas=True  Q@k†=32.5%  R:20→60 Mbps  elapsed=313s
=================================================================

=================================================================
  WAVE 1 STATUS  04:55:40 IST
=================================================================
  Queue position : INFO  Starting: exp1_vulnerable
  tc rate (lo)   : 20.00 Mbps  →  agent AMBR ≈ ~20 Mbps

  vulnerable: 17/30 trials | def4_meas=100% (17/17) | Q@k†: last=25.8%  mean=28.0%
  defended  : not started

  Latest vulnerable trial 017: def4_meas=True  Q@k†=25.8%  R:20→60 Mbps  elapsed=354s
=================================================================

=================================================================
  WAVE 1 STATUS  04:56:40 IST
=================================================================
  Queue position : INFO  Starting: exp1_vulnerable
  tc rate (lo)   : 20.00 Mbps  →  agent AMBR ≈ ~20 Mbps

  vulnerable: 17/30 trials | def4_meas=100% (17/17) | Q@k†: last=25.8%  mean=28.0%
  defended  : not started

  Latest vulnerable trial 017: def4_meas=True  Q@k†=25.8%  R:20→60 Mbps  elapsed=354s
=================================================================

=================================================================
  WAVE 1 STATUS  04:57:40 IST
=================================================================
  Queue position : INFO  Starting: exp1_vulnerable
  tc rate (lo)   : 20.00 Mbps  →  agent AMBR ≈ ~20 Mbps

  vulnerable: 17/30 trials | def4_meas=100% (17/17) | Q@k†: last=25.8%  mean=28.0%
  defended  : not started

  Latest vulnerable trial 017: def4_meas=True  Q@k†=25.8%  R:20→60 Mbps  elapsed=354s
=================================================================

=================================================================
  WAVE 1 STATUS  04:58:40 IST
=================================================================
  Queue position : INFO  Starting: exp1_vulnerable
  tc rate (lo)   : 10.00 Mbps  →  agent AMBR ≈ ~40 Mbps

  vulnerable: 17/30 trials | def4_meas=100% (17/17) | Q@k†: last=25.8%  mean=28.0%
  defended  : not started

  Latest vulnerable trial 017: def4_meas=True  Q@k†=25.8%  R:20→60 Mbps  elapsed=354s
=================================================================

=================================================================
  WAVE 1 STATUS  04:59:40 IST
=================================================================
  Queue position : INFO  Starting: exp1_vulnerable
  tc rate (lo)   : 6.67 Mbps  →  agent AMBR ≈ ~60 Mbps

  vulnerable: 17/30 trials | def4_meas=100% (17/17) | Q@k†: last=25.8%  mean=28.0%
  defended  : not started

  Latest vulnerable trial 017: def4_meas=True  Q@k†=25.8%  R:20→60 Mbps  elapsed=354s
=================================================================

=================================================================
  WAVE 1 STATUS  05:00:40 IST
=================================================================
  Queue position : INFO  Starting: exp1_vulnerable
  tc rate (lo)   : 6.67 Mbps  →  agent AMBR ≈ ~60 Mbps

  vulnerable: 17/30 trials | def4_meas=100% (17/17) | Q@k†: last=25.8%  mean=28.0%
  defended  : not started

  Latest vulnerable trial 017: def4_meas=True  Q@k†=25.8%  R:20→60 Mbps  elapsed=354s
=================================================================

=================================================================
  WAVE 1 STATUS  05:01:40 IST
=================================================================
  Queue position : INFO  Starting: exp1_vulnerable
  tc rate (lo)   : 20.00 Mbps  →  agent AMBR ≈ ~20 Mbps

  vulnerable: 18/30 trials | def4_meas=100% (18/18) | Q@k†: last=33.3%  mean=28.3%
  defended  : not started

  Latest vulnerable trial 018: def4_meas=True  Q@k†=33.3%  R:20→60 Mbps  elapsed=303s
=================================================================

=================================================================
  WAVE 1 STATUS  05:02:40 IST
=================================================================
  Queue position : INFO  Starting: exp1_vulnerable
  tc rate (lo)   : 20.00 Mbps  →  agent AMBR ≈ ~20 Mbps

  vulnerable: 18/30 trials | def4_meas=100% (18/18) | Q@k†: last=33.3%  mean=28.3%
  defended  : not started

  Latest vulnerable trial 018: def4_meas=True  Q@k†=33.3%  R:20→60 Mbps  elapsed=303s
=================================================================

=================================================================
  WAVE 1 STATUS  05:03:40 IST
=================================================================
  Queue position : INFO  Starting: exp1_vulnerable
  tc rate (lo)   : 10.00 Mbps  →  agent AMBR ≈ ~40 Mbps

  vulnerable: 18/30 trials | def4_meas=100% (18/18) | Q@k†: last=33.3%  mean=28.3%
  defended  : not started

  Latest vulnerable trial 018: def4_meas=True  Q@k†=33.3%  R:20→60 Mbps  elapsed=303s
=================================================================

=================================================================
  WAVE 1 STATUS  05:04:40 IST
=================================================================
  Queue position : INFO  Starting: exp1_vulnerable
  tc rate (lo)   : 10.00 Mbps  →  agent AMBR ≈ ~40 Mbps

  vulnerable: 18/30 trials | def4_meas=100% (18/18) | Q@k†: last=33.3%  mean=28.3%
  defended  : not started

  Latest vulnerable trial 018: def4_meas=True  Q@k†=33.3%  R:20→60 Mbps  elapsed=303s
=================================================================

=================================================================
  WAVE 1 STATUS  05:05:40 IST
=================================================================
  Queue position : INFO  Starting: exp1_vulnerable
  tc rate (lo)   : 6.67 Mbps  →  agent AMBR ≈ ~60 Mbps

  vulnerable: 18/30 trials | def4_meas=100% (18/18) | Q@k†: last=33.3%  mean=28.3%
  defended  : not started

  Latest vulnerable trial 018: def4_meas=True  Q@k†=33.3%  R:20→60 Mbps  elapsed=303s
=================================================================

=================================================================
  WAVE 1 STATUS  05:06:40 IST
=================================================================
  Queue position : INFO  Starting: exp1_vulnerable
  tc rate (lo)   : 20.00 Mbps  →  agent AMBR ≈ ~20 Mbps

  vulnerable: 19/30 trials | def4_meas=100% (19/19) | Q@k†: last=24.4%  mean=28.1%
  defended  : not started

  Latest vulnerable trial 019: def4_meas=True  Q@k†=24.4%  R:20→60 Mbps  elapsed=288s
=================================================================

=================================================================
  WAVE 1 STATUS  05:07:41 IST
=================================================================
  Queue position : INFO  Starting: exp1_vulnerable
  tc rate (lo)   : 20.00 Mbps  →  agent AMBR ≈ ~20 Mbps

  vulnerable: 19/30 trials | def4_meas=100% (19/19) | Q@k†: last=24.4%  mean=28.1%
  defended  : not started

  Latest vulnerable trial 019: def4_meas=True  Q@k†=24.4%  R:20→60 Mbps  elapsed=288s
=================================================================

=================================================================
  WAVE 1 STATUS  05:08:41 IST
=================================================================
  Queue position : INFO  Starting: exp1_vulnerable
  tc rate (lo)   : 20.00 Mbps  →  agent AMBR ≈ ~20 Mbps

  vulnerable: 19/30 trials | def4_meas=100% (19/19) | Q@k†: last=24.4%  mean=28.1%
  defended  : not started

  Latest vulnerable trial 019: def4_meas=True  Q@k†=24.4%  R:20→60 Mbps  elapsed=288s
=================================================================

=================================================================
  WAVE 1 STATUS  05:09:41 IST
=================================================================
  Queue position : INFO  Starting: exp1_vulnerable
  tc rate (lo)   : 13.33 Mbps  →  agent AMBR ≈ ~30 Mbps

  vulnerable: 19/30 trials | def4_meas=100% (19/19) | Q@k†: last=24.4%  mean=28.1%
  defended  : not started

  Latest vulnerable trial 019: def4_meas=True  Q@k†=24.4%  R:20→60 Mbps  elapsed=288s
=================================================================

=================================================================
  WAVE 1 STATUS  05:10:41 IST
=================================================================
  Queue position : INFO  Starting: exp1_vulnerable
  tc rate (lo)   : 13.33 Mbps  →  agent AMBR ≈ ~30 Mbps

  vulnerable: 19/30 trials | def4_meas=100% (19/19) | Q@k†: last=24.4%  mean=28.1%
  defended  : not started

  Latest vulnerable trial 019: def4_meas=True  Q@k†=24.4%  R:20→60 Mbps  elapsed=288s
=================================================================

=================================================================
  WAVE 1 STATUS  05:11:41 IST
=================================================================
  Queue position : INFO  Starting: exp1_vulnerable
  tc rate (lo)   : 8.89 Mbps  →  agent AMBR ≈ ~45 Mbps

  vulnerable: 19/30 trials | def4_meas=100% (19/19) | Q@k†: last=24.4%  mean=28.1%
  defended  : not started

  Latest vulnerable trial 019: def4_meas=True  Q@k†=24.4%  R:20→60 Mbps  elapsed=288s
=================================================================

=================================================================
  WAVE 1 STATUS  05:12:41 IST
=================================================================
  Queue position : INFO  Starting: exp1_vulnerable
  tc rate (lo)   : 6.67 Mbps  →  agent AMBR ≈ ~60 Mbps

  vulnerable: 19/30 trials | def4_meas=100% (19/19) | Q@k†: last=24.4%  mean=28.1%
  defended  : not started

  Latest vulnerable trial 019: def4_meas=True  Q@k†=24.4%  R:20→60 Mbps  elapsed=288s
=================================================================

=================================================================
  WAVE 1 STATUS  05:13:41 IST
=================================================================
  Queue position : INFO  Starting: exp1_vulnerable
  tc rate (lo)   : 20.00 Mbps  →  agent AMBR ≈ ~20 Mbps

  vulnerable: 20/30 trials | def4_meas=100% (20/20) | Q@k†: last=21.3%  mean=27.7%
  defended  : not started

  Latest vulnerable trial 020: def4_meas=True  Q@k†=21.3%  R:20→60 Mbps  elapsed=369s
=================================================================

=================================================================
  WAVE 1 STATUS  05:14:41 IST
=================================================================
  Queue position : INFO  Starting: exp1_vulnerable
  tc rate (lo)   : 20.00 Mbps  →  agent AMBR ≈ ~20 Mbps

  vulnerable: 20/30 trials | def4_meas=100% (20/20) | Q@k†: last=21.3%  mean=27.7%
  defended  : not started

  Latest vulnerable trial 020: def4_meas=True  Q@k†=21.3%  R:20→60 Mbps  elapsed=369s
=================================================================

=================================================================
  WAVE 1 STATUS  05:15:41 IST
=================================================================
  Queue position : INFO  Starting: exp1_vulnerable
  tc rate (lo)   : 20.00 Mbps  →  agent AMBR ≈ ~20 Mbps

  vulnerable: 20/30 trials | def4_meas=100% (20/20) | Q@k†: last=21.3%  mean=27.7%
  defended  : not started

  Latest vulnerable trial 020: def4_meas=True  Q@k†=21.3%  R:20→60 Mbps  elapsed=369s
=================================================================

=================================================================
  WAVE 1 STATUS  05:16:41 IST
=================================================================
  Queue position : INFO  Starting: exp1_vulnerable
  tc rate (lo)   : 10.00 Mbps  →  agent AMBR ≈ ~40 Mbps

  vulnerable: 20/30 trials | def4_meas=100% (20/20) | Q@k†: last=21.3%  mean=27.7%
  defended  : not started

  Latest vulnerable trial 020: def4_meas=True  Q@k†=21.3%  R:20→60 Mbps  elapsed=369s
=================================================================

=================================================================
  WAVE 1 STATUS  05:17:41 IST
=================================================================
  Queue position : INFO  Starting: exp1_vulnerable
  tc rate (lo)   : 10.00 Mbps  →  agent AMBR ≈ ~40 Mbps

  vulnerable: 20/30 trials | def4_meas=100% (20/20) | Q@k†: last=21.3%  mean=27.7%
  defended  : not started

  Latest vulnerable trial 020: def4_meas=True  Q@k†=21.3%  R:20→60 Mbps  elapsed=369s
=================================================================

=================================================================
  WAVE 1 STATUS  05:18:41 IST
=================================================================
  Queue position : INFO  Starting: exp1_vulnerable
  tc rate (lo)   : 6.67 Mbps  →  agent AMBR ≈ ~60 Mbps

  vulnerable: 20/30 trials | def4_meas=100% (20/20) | Q@k†: last=21.3%  mean=27.7%
  defended  : not started

  Latest vulnerable trial 020: def4_meas=True  Q@k†=21.3%  R:20→60 Mbps  elapsed=369s
=================================================================

=================================================================
  WAVE 1 STATUS  05:19:41 IST
=================================================================
  Queue position : INFO  Starting: exp1_vulnerable
  tc rate (lo)   : 20.00 Mbps  →  agent AMBR ≈ ~20 Mbps

  vulnerable: 21/30 trials | def4_meas=100% (21/21) | Q@k†: last=34.0%  mean=28.0%
  defended  : not started

  Latest vulnerable trial 021: def4_meas=True  Q@k†=34.0%  R:20→60 Mbps  elapsed=313s
=================================================================

=================================================================
  WAVE 1 STATUS  05:20:41 IST
=================================================================
  Queue position : INFO  Starting: exp1_vulnerable
  tc rate (lo)   : 20.00 Mbps  →  agent AMBR ≈ ~20 Mbps

  vulnerable: 21/30 trials | def4_meas=100% (21/21) | Q@k†: last=34.0%  mean=28.0%
  defended  : not started

  Latest vulnerable trial 021: def4_meas=True  Q@k†=34.0%  R:20→60 Mbps  elapsed=313s
=================================================================

=================================================================
  WAVE 1 STATUS  05:21:41 IST
=================================================================
  Queue position : INFO  Starting: exp1_vulnerable
  tc rate (lo)   : 10.00 Mbps  →  agent AMBR ≈ ~40 Mbps

  vulnerable: 21/30 trials | def4_meas=100% (21/21) | Q@k†: last=34.0%  mean=28.0%
  defended  : not started

  Latest vulnerable trial 021: def4_meas=True  Q@k†=34.0%  R:20→60 Mbps  elapsed=313s
=================================================================

=================================================================
  WAVE 1 STATUS  05:22:41 IST
=================================================================
  Queue position : INFO  Starting: exp1_vulnerable
  tc rate (lo)   : 10.00 Mbps  →  agent AMBR ≈ ~40 Mbps

  vulnerable: 21/30 trials | def4_meas=100% (21/21) | Q@k†: last=34.0%  mean=28.0%
  defended  : not started

  Latest vulnerable trial 021: def4_meas=True  Q@k†=34.0%  R:20→60 Mbps  elapsed=313s
=================================================================

=================================================================
  WAVE 1 STATUS  05:23:41 IST
=================================================================
  Queue position : INFO  Starting: exp1_vulnerable
  tc rate (lo)   : 6.67 Mbps  →  agent AMBR ≈ ~60 Mbps

  vulnerable: 21/30 trials | def4_meas=100% (21/21) | Q@k†: last=34.0%  mean=28.0%
  defended  : not started

  Latest vulnerable trial 021: def4_meas=True  Q@k†=34.0%  R:20→60 Mbps  elapsed=313s
=================================================================

=================================================================
  WAVE 1 STATUS  05:24:41 IST
=================================================================
  Queue position : INFO  Starting: exp1_vulnerable
  tc rate (lo)   : 6.67 Mbps  →  agent AMBR ≈ ~60 Mbps

  vulnerable: 21/30 trials | def4_meas=100% (21/21) | Q@k†: last=34.0%  mean=28.0%
  defended  : not started

  Latest vulnerable trial 021: def4_meas=True  Q@k†=34.0%  R:20→60 Mbps  elapsed=313s
=================================================================

=================================================================
  WAVE 1 STATUS  05:25:41 IST
=================================================================
  Queue position : INFO  Starting: exp1_vulnerable
  tc rate (lo)   : 20.00 Mbps  →  agent AMBR ≈ ~20 Mbps

  vulnerable: 22/30 trials | def4_meas=100% (22/22) | Q@k†: last=32.5%  mean=28.2%
  defended  : not started

  Latest vulnerable trial 022: def4_meas=True  Q@k†=32.5%  R:20→60 Mbps  elapsed=269s
=================================================================

=================================================================
  WAVE 1 STATUS  05:26:41 IST
=================================================================
  Queue position : INFO  Starting: exp1_vulnerable
  tc rate (lo)   : 20.00 Mbps  →  agent AMBR ≈ ~20 Mbps

  vulnerable: 22/30 trials | def4_meas=100% (22/22) | Q@k†: last=32.5%  mean=28.2%
  defended  : not started

  Latest vulnerable trial 022: def4_meas=True  Q@k†=32.5%  R:20→60 Mbps  elapsed=269s
=================================================================

=================================================================
  WAVE 1 STATUS  05:27:41 IST
=================================================================
  Queue position : INFO  Starting: exp1_vulnerable
  tc rate (lo)   : 20.00 Mbps  →  agent AMBR ≈ ~20 Mbps

  vulnerable: 22/30 trials | def4_meas=100% (22/22) | Q@k†: last=32.5%  mean=28.2%
  defended  : not started

  Latest vulnerable trial 022: def4_meas=True  Q@k†=32.5%  R:20→60 Mbps  elapsed=269s
=================================================================

=================================================================
  WAVE 1 STATUS  05:28:41 IST
=================================================================
  Queue position : INFO  Starting: exp1_vulnerable
  tc rate (lo)   : 13.33 Mbps  →  agent AMBR ≈ ~30 Mbps

  vulnerable: 22/30 trials | def4_meas=100% (22/22) | Q@k†: last=32.5%  mean=28.2%
  defended  : not started

  Latest vulnerable trial 022: def4_meas=True  Q@k†=32.5%  R:20→60 Mbps  elapsed=269s
=================================================================

=================================================================
  WAVE 1 STATUS  05:29:41 IST
=================================================================
  Queue position : INFO  Starting: exp1_vulnerable
  tc rate (lo)   : 8.89 Mbps  →  agent AMBR ≈ ~45 Mbps

  vulnerable: 22/30 trials | def4_meas=100% (22/22) | Q@k†: last=32.5%  mean=28.2%
  defended  : not started

  Latest vulnerable trial 022: def4_meas=True  Q@k†=32.5%  R:20→60 Mbps  elapsed=269s
=================================================================

=================================================================
  WAVE 1 STATUS  05:30:41 IST
=================================================================
  Queue position : INFO  Starting: exp1_vulnerable
  tc rate (lo)   : 8.89 Mbps  →  agent AMBR ≈ ~45 Mbps

  vulnerable: 22/30 trials | def4_meas=100% (22/22) | Q@k†: last=32.5%  mean=28.2%
  defended  : not started

  Latest vulnerable trial 022: def4_meas=True  Q@k†=32.5%  R:20→60 Mbps  elapsed=269s
=================================================================

=================================================================
  WAVE 1 STATUS  05:31:41 IST
=================================================================
  Queue position : INFO  Starting: exp1_vulnerable
  tc rate (lo)   : 6.67 Mbps  →  agent AMBR ≈ ~60 Mbps

  vulnerable: 22/30 trials | def4_meas=100% (22/22) | Q@k†: last=32.5%  mean=28.2%
  defended  : not started

  Latest vulnerable trial 022: def4_meas=True  Q@k†=32.5%  R:20→60 Mbps  elapsed=269s
=================================================================

=================================================================
  WAVE 1 STATUS  05:32:41 IST
=================================================================
  Queue position : INFO  Starting: exp1_vulnerable
  tc rate (lo)   : 20.00 Mbps  →  agent AMBR ≈ ~20 Mbps

  vulnerable: 23/30 trials | def4_meas=100% (23/23) | Q@k†: last=26.2%  mean=28.1%
  defended  : not started

  Latest vulnerable trial 023: def4_meas=True  Q@k†=26.2%  R:20→60 Mbps  elapsed=385s
=================================================================

=================================================================
  WAVE 1 STATUS  05:33:41 IST
=================================================================
  Queue position : INFO  Starting: exp1_vulnerable
  tc rate (lo)   : 20.00 Mbps  →  agent AMBR ≈ ~20 Mbps

  vulnerable: 23/30 trials | def4_meas=100% (23/23) | Q@k†: last=26.2%  mean=28.1%
  defended  : not started

  Latest vulnerable trial 023: def4_meas=True  Q@k†=26.2%  R:20→60 Mbps  elapsed=385s
=================================================================

=================================================================
  WAVE 1 STATUS  05:34:41 IST
=================================================================
  Queue position : INFO  Starting: exp1_vulnerable
  tc rate (lo)   : 10.00 Mbps  →  agent AMBR ≈ ~40 Mbps

  vulnerable: 23/30 trials | def4_meas=100% (23/23) | Q@k†: last=26.2%  mean=28.1%
  defended  : not started

  Latest vulnerable trial 023: def4_meas=True  Q@k†=26.2%  R:20→60 Mbps  elapsed=385s
=================================================================

=================================================================
  WAVE 1 STATUS  05:35:41 IST
=================================================================
  Queue position : INFO  Starting: exp1_vulnerable
  tc rate (lo)   : 10.00 Mbps  →  agent AMBR ≈ ~40 Mbps

  vulnerable: 23/30 trials | def4_meas=100% (23/23) | Q@k†: last=26.2%  mean=28.1%
  defended  : not started

  Latest vulnerable trial 023: def4_meas=True  Q@k†=26.2%  R:20→60 Mbps  elapsed=385s
=================================================================

=================================================================
  WAVE 1 STATUS  05:36:41 IST
=================================================================
  Queue position : INFO  Starting: exp1_vulnerable
  tc rate (lo)   : 6.67 Mbps  →  agent AMBR ≈ ~60 Mbps

  vulnerable: 23/30 trials | def4_meas=100% (23/23) | Q@k†: last=26.2%  mean=28.1%
  defended  : not started

  Latest vulnerable trial 023: def4_meas=True  Q@k†=26.2%  R:20→60 Mbps  elapsed=385s
=================================================================

=================================================================
  WAVE 1 STATUS  05:37:41 IST
=================================================================
  Queue position : INFO  Starting: exp1_vulnerable
  tc rate (lo)   : 20.00 Mbps  →  agent AMBR ≈ ~20 Mbps

  vulnerable: 24/30 trials | def4_meas=100% (24/24) | Q@k†: last=32.7%  mean=28.3%
  defended  : not started

  Latest vulnerable trial 024: def4_meas=True  Q@k†=32.7%  R:20→60 Mbps  elapsed=269s
=================================================================

=================================================================
  WAVE 1 STATUS  05:38:41 IST
=================================================================
  Queue position : INFO  Starting: exp1_vulnerable
  tc rate (lo)   : 20.00 Mbps  →  agent AMBR ≈ ~20 Mbps

  vulnerable: 24/30 trials | def4_meas=100% (24/24) | Q@k†: last=32.7%  mean=28.3%
  defended  : not started

  Latest vulnerable trial 024: def4_meas=True  Q@k†=32.7%  R:20→60 Mbps  elapsed=269s
=================================================================

=================================================================
  WAVE 1 STATUS  05:39:41 IST
=================================================================
  Queue position : INFO  Starting: exp1_vulnerable
  tc rate (lo)   : 20.00 Mbps  →  agent AMBR ≈ ~20 Mbps

  vulnerable: 24/30 trials | def4_meas=100% (24/24) | Q@k†: last=32.7%  mean=28.3%
  defended  : not started

  Latest vulnerable trial 024: def4_meas=True  Q@k†=32.7%  R:20→60 Mbps  elapsed=269s
=================================================================

=================================================================
  WAVE 1 STATUS  05:40:41 IST
=================================================================
  Queue position : INFO  Starting: exp1_vulnerable
  tc rate (lo)   : 10.00 Mbps  →  agent AMBR ≈ ~40 Mbps

  vulnerable: 24/30 trials | def4_meas=100% (24/24) | Q@k†: last=32.7%  mean=28.3%
  defended  : not started

  Latest vulnerable trial 024: def4_meas=True  Q@k†=32.7%  R:20→60 Mbps  elapsed=269s
=================================================================

=================================================================
  WAVE 1 STATUS  05:41:41 IST
=================================================================
  Queue position : INFO  Starting: exp1_vulnerable
  tc rate (lo)   : 10.00 Mbps  →  agent AMBR ≈ ~40 Mbps

  vulnerable: 24/30 trials | def4_meas=100% (24/24) | Q@k†: last=32.7%  mean=28.3%
  defended  : not started

  Latest vulnerable trial 024: def4_meas=True  Q@k†=32.7%  R:20→60 Mbps  elapsed=269s
=================================================================

=================================================================
  WAVE 1 STATUS  05:42:41 IST
=================================================================
  Queue position : INFO  Starting: exp1_vulnerable
  tc rate (lo)   : 6.67 Mbps  →  agent AMBR ≈ ~60 Mbps

  vulnerable: 24/30 trials | def4_meas=100% (24/24) | Q@k†: last=32.7%  mean=28.3%
  defended  : not started

  Latest vulnerable trial 024: def4_meas=True  Q@k†=32.7%  R:20→60 Mbps  elapsed=269s
=================================================================

=================================================================
  WAVE 1 STATUS  05:43:41 IST
=================================================================
  Queue position : INFO  Starting: exp1_vulnerable
  tc rate (lo)   : 20.00 Mbps  →  agent AMBR ≈ ~20 Mbps

  vulnerable: 25/30 trials | def4_meas=100% (25/25) | Q@k†: last=28.7%  mean=28.3%
  defended  : not started

  Latest vulnerable trial 025: def4_meas=True  Q@k†=28.7%  R:20→60 Mbps  elapsed=301s
=================================================================

=================================================================
  WAVE 1 STATUS  05:44:41 IST
=================================================================
  Queue position : INFO  Starting: exp1_vulnerable
  tc rate (lo)   : 20.00 Mbps  →  agent AMBR ≈ ~20 Mbps

  vulnerable: 25/30 trials | def4_meas=100% (25/25) | Q@k†: last=28.7%  mean=28.3%
  defended  : not started

  Latest vulnerable trial 025: def4_meas=True  Q@k†=28.7%  R:20→60 Mbps  elapsed=301s
=================================================================

=================================================================
  WAVE 1 STATUS  05:45:41 IST
=================================================================
  Queue position : INFO  Starting: exp1_vulnerable
  tc rate (lo)   : 20.00 Mbps  →  agent AMBR ≈ ~20 Mbps

  vulnerable: 25/30 trials | def4_meas=100% (25/25) | Q@k†: last=28.7%  mean=28.3%
  defended  : not started

  Latest vulnerable trial 025: def4_meas=True  Q@k†=28.7%  R:20→60 Mbps  elapsed=301s
=================================================================

=================================================================
  WAVE 1 STATUS  05:46:41 IST
=================================================================
  Queue position : INFO  Starting: exp1_vulnerable
  tc rate (lo)   : 13.33 Mbps  →  agent AMBR ≈ ~30 Mbps

  vulnerable: 25/30 trials | def4_meas=100% (25/25) | Q@k†: last=28.7%  mean=28.3%
  defended  : not started

  Latest vulnerable trial 025: def4_meas=True  Q@k†=28.7%  R:20→60 Mbps  elapsed=301s
=================================================================

=================================================================
  WAVE 1 STATUS  05:47:41 IST
=================================================================
  Queue position : INFO  Starting: exp1_vulnerable
  tc rate (lo)   : 8.89 Mbps  →  agent AMBR ≈ ~45 Mbps

  vulnerable: 25/30 trials | def4_meas=100% (25/25) | Q@k†: last=28.7%  mean=28.3%
  defended  : not started

  Latest vulnerable trial 025: def4_meas=True  Q@k†=28.7%  R:20→60 Mbps  elapsed=301s
=================================================================

=================================================================
  WAVE 1 STATUS  05:48:41 IST
=================================================================
  Queue position : INFO  Starting: exp1_vulnerable
  tc rate (lo)   : 8.89 Mbps  →  agent AMBR ≈ ~45 Mbps

  vulnerable: 25/30 trials | def4_meas=100% (25/25) | Q@k†: last=28.7%  mean=28.3%
  defended  : not started

  Latest vulnerable trial 025: def4_meas=True  Q@k†=28.7%  R:20→60 Mbps  elapsed=301s
=================================================================

=================================================================
  WAVE 1 STATUS  05:49:41 IST
=================================================================
  Queue position : INFO  Starting: exp1_vulnerable
  tc rate (lo)   : 6.67 Mbps  →  agent AMBR ≈ ~60 Mbps

  vulnerable: 25/30 trials | def4_meas=100% (25/25) | Q@k†: last=28.7%  mean=28.3%
  defended  : not started

  Latest vulnerable trial 025: def4_meas=True  Q@k†=28.7%  R:20→60 Mbps  elapsed=301s
=================================================================

=================================================================
  WAVE 1 STATUS  05:50:41 IST
=================================================================
  Queue position : INFO  Starting: exp1_vulnerable
  tc rate (lo)   : 20.00 Mbps  →  agent AMBR ≈ ~20 Mbps

  vulnerable: 26/30 trials | def4_meas=100% (26/26) | Q@k†: last=25.7%  mean=28.2%
  defended  : not started

  Latest vulnerable trial 026: def4_meas=True  Q@k†=25.7%  R:20→60 Mbps  elapsed=375s
=================================================================

=================================================================
  WAVE 1 STATUS  05:51:41 IST
=================================================================
  Queue position : INFO  Starting: exp1_vulnerable
  tc rate (lo)   : 20.00 Mbps  →  agent AMBR ≈ ~20 Mbps

  vulnerable: 26/30 trials | def4_meas=100% (26/26) | Q@k†: last=25.7%  mean=28.2%
  defended  : not started

  Latest vulnerable trial 026: def4_meas=True  Q@k†=25.7%  R:20→60 Mbps  elapsed=375s
=================================================================

=================================================================
  WAVE 1 STATUS  05:52:41 IST
=================================================================
  Queue position : INFO  Starting: exp1_vulnerable
  tc rate (lo)   : 10.00 Mbps  →  agent AMBR ≈ ~40 Mbps

  vulnerable: 26/30 trials | def4_meas=100% (26/26) | Q@k†: last=25.7%  mean=28.2%
  defended  : not started

  Latest vulnerable trial 026: def4_meas=True  Q@k†=25.7%  R:20→60 Mbps  elapsed=375s
=================================================================

=================================================================
  WAVE 1 STATUS  05:53:41 IST
=================================================================
  Queue position : INFO  Starting: exp1_vulnerable
  tc rate (lo)   : 10.00 Mbps  →  agent AMBR ≈ ~40 Mbps

  vulnerable: 26/30 trials | def4_meas=100% (26/26) | Q@k†: last=25.7%  mean=28.2%
  defended  : not started

  Latest vulnerable trial 026: def4_meas=True  Q@k†=25.7%  R:20→60 Mbps  elapsed=375s
=================================================================

=================================================================
  WAVE 1 STATUS  05:54:41 IST
=================================================================
  Queue position : INFO  Starting: exp1_vulnerable
  tc rate (lo)   : 6.67 Mbps  →  agent AMBR ≈ ~60 Mbps

  vulnerable: 26/30 trials | def4_meas=100% (26/26) | Q@k†: last=25.7%  mean=28.2%
  defended  : not started

  Latest vulnerable trial 026: def4_meas=True  Q@k†=25.7%  R:20→60 Mbps  elapsed=375s
=================================================================

=================================================================
  WAVE 1 STATUS  05:55:41 IST
=================================================================
  Queue position : INFO  Starting: exp1_vulnerable
  tc rate (lo)   : 6.67 Mbps  →  agent AMBR ≈ ~60 Mbps

  vulnerable: 27/30 trials | def4_meas=100% (27/27) | Q@k†: last=33.6%  mean=28.4%
  defended  : not started

  Latest vulnerable trial 027: def4_meas=True  Q@k†=33.6%  R:20→60 Mbps  elapsed=276s
=================================================================

=================================================================
  WAVE 1 STATUS  05:56:41 IST
=================================================================
  Queue position : INFO  Starting: exp1_vulnerable
  tc rate (lo)   : 20.00 Mbps  →  agent AMBR ≈ ~20 Mbps

  vulnerable: 27/30 trials | def4_meas=100% (27/27) | Q@k†: last=33.6%  mean=28.4%
  defended  : not started

  Latest vulnerable trial 027: def4_meas=True  Q@k†=33.6%  R:20→60 Mbps  elapsed=276s
=================================================================

=================================================================
  WAVE 1 STATUS  05:57:41 IST
=================================================================
  Queue position : INFO  Starting: exp1_vulnerable
  tc rate (lo)   : 20.00 Mbps  →  agent AMBR ≈ ~20 Mbps

  vulnerable: 27/30 trials | def4_meas=100% (27/27) | Q@k†: last=33.6%  mean=28.4%
  defended  : not started

  Latest vulnerable trial 027: def4_meas=True  Q@k†=33.6%  R:20→60 Mbps  elapsed=276s
=================================================================

=================================================================
  WAVE 1 STATUS  05:58:41 IST
=================================================================
  Queue position : INFO  Starting: exp1_vulnerable
  tc rate (lo)   : 10.00 Mbps  →  agent AMBR ≈ ~40 Mbps

  vulnerable: 27/30 trials | def4_meas=100% (27/27) | Q@k†: last=33.6%  mean=28.4%
  defended  : not started

  Latest vulnerable trial 027: def4_meas=True  Q@k†=33.6%  R:20→60 Mbps  elapsed=276s
=================================================================

=================================================================
  WAVE 1 STATUS  05:59:41 IST
=================================================================
  Queue position : INFO  Starting: exp1_vulnerable
  tc rate (lo)   : 10.00 Mbps  →  agent AMBR ≈ ~40 Mbps

  vulnerable: 27/30 trials | def4_meas=100% (27/27) | Q@k†: last=33.6%  mean=28.4%
  defended  : not started

  Latest vulnerable trial 027: def4_meas=True  Q@k†=33.6%  R:20→60 Mbps  elapsed=276s
=================================================================

=================================================================
  WAVE 1 STATUS  06:00:41 IST
=================================================================
  Queue position : INFO  Starting: exp1_vulnerable
  tc rate (lo)   : 6.67 Mbps  →  agent AMBR ≈ ~60 Mbps

  vulnerable: 27/30 trials | def4_meas=100% (27/27) | Q@k†: last=33.6%  mean=28.4%
  defended  : not started

  Latest vulnerable trial 027: def4_meas=True  Q@k†=33.6%  R:20→60 Mbps  elapsed=276s
=================================================================

=================================================================
  WAVE 1 STATUS  06:01:41 IST
=================================================================
  Queue position : INFO  Starting: exp1_vulnerable
  tc rate (lo)   : 6.67 Mbps  →  agent AMBR ≈ ~60 Mbps

  vulnerable: 28/30 trials | def4_meas=100% (28/28) | Q@k†: last=31.7%  mean=28.5%
  defended  : not started

  Latest vulnerable trial 028: def4_meas=True  Q@k†=31.7%  R:20→60 Mbps  elapsed=307s
=================================================================

=================================================================
  WAVE 1 STATUS  06:02:41 IST
=================================================================
  Queue position : INFO  Starting: exp1_vulnerable
  tc rate (lo)   : 20.00 Mbps  →  agent AMBR ≈ ~20 Mbps

  vulnerable: 28/30 trials | def4_meas=100% (28/28) | Q@k†: last=31.7%  mean=28.5%
  defended  : not started

  Latest vulnerable trial 028: def4_meas=True  Q@k†=31.7%  R:20→60 Mbps  elapsed=307s
=================================================================

=================================================================
  WAVE 1 STATUS  06:03:41 IST
=================================================================
  Queue position : INFO  Starting: exp1_vulnerable
  tc rate (lo)   : 20.00 Mbps  →  agent AMBR ≈ ~20 Mbps

  vulnerable: 28/30 trials | def4_meas=100% (28/28) | Q@k†: last=31.7%  mean=28.5%
  defended  : not started

  Latest vulnerable trial 028: def4_meas=True  Q@k†=31.7%  R:20→60 Mbps  elapsed=307s
=================================================================

=================================================================
  WAVE 1 STATUS  06:04:42 IST
=================================================================
  Queue position : INFO  Starting: exp1_vulnerable
  tc rate (lo)   : 13.33 Mbps  →  agent AMBR ≈ ~30 Mbps

  vulnerable: 28/30 trials | def4_meas=100% (28/28) | Q@k†: last=31.7%  mean=28.5%
  defended  : not started

  Latest vulnerable trial 028: def4_meas=True  Q@k†=31.7%  R:20→60 Mbps  elapsed=307s
=================================================================

=================================================================
  WAVE 1 STATUS  06:05:42 IST
=================================================================
  Queue position : INFO  Starting: exp1_vulnerable
  tc rate (lo)   : 13.33 Mbps  →  agent AMBR ≈ ~30 Mbps

  vulnerable: 28/30 trials | def4_meas=100% (28/28) | Q@k†: last=31.7%  mean=28.5%
  defended  : not started

  Latest vulnerable trial 028: def4_meas=True  Q@k†=31.7%  R:20→60 Mbps  elapsed=307s
=================================================================

=================================================================
  WAVE 1 STATUS  06:06:42 IST
=================================================================
  Queue position : INFO  Starting: exp1_vulnerable
  tc rate (lo)   : 8.89 Mbps  →  agent AMBR ≈ ~45 Mbps

  vulnerable: 28/30 trials | def4_meas=100% (28/28) | Q@k†: last=31.7%  mean=28.5%
  defended  : not started

  Latest vulnerable trial 028: def4_meas=True  Q@k†=31.7%  R:20→60 Mbps  elapsed=307s
=================================================================

=================================================================
  WAVE 1 STATUS  06:07:42 IST
=================================================================
  Queue position : INFO  Starting: exp1_vulnerable
  tc rate (lo)   : 6.67 Mbps  →  agent AMBR ≈ ~60 Mbps

  vulnerable: 28/30 trials | def4_meas=100% (28/28) | Q@k†: last=31.7%  mean=28.5%
  defended  : not started

  Latest vulnerable trial 028: def4_meas=True  Q@k†=31.7%  R:20→60 Mbps  elapsed=307s
=================================================================

=================================================================
  WAVE 1 STATUS  06:08:42 IST
=================================================================
  Queue position : INFO  Starting: exp1_vulnerable
  tc rate (lo)   : 6.67 Mbps  →  agent AMBR ≈ ~60 Mbps

  vulnerable: 29/30 trials | def4_meas=100% (29/29) | Q@k†: last=25.3%  mean=28.4%
  defended  : not started

  Latest vulnerable trial 029: def4_meas=True  Q@k†=25.3%  R:20→60 Mbps  elapsed=371s
=================================================================

=================================================================
  WAVE 1 STATUS  06:09:42 IST
=================================================================
  Queue position : INFO  Starting: exp1_vulnerable
  tc rate (lo)   : 20.00 Mbps  →  agent AMBR ≈ ~20 Mbps

  vulnerable: 29/30 trials | def4_meas=100% (29/29) | Q@k†: last=25.3%  mean=28.4%
  defended  : not started

  Latest vulnerable trial 029: def4_meas=True  Q@k†=25.3%  R:20→60 Mbps  elapsed=371s
=================================================================

=================================================================
  WAVE 1 STATUS  06:10:42 IST
=================================================================
  Queue position : INFO  Starting: exp1_vulnerable
  tc rate (lo)   : 20.00 Mbps  →  agent AMBR ≈ ~20 Mbps

  vulnerable: 29/30 trials | def4_meas=100% (29/29) | Q@k†: last=25.3%  mean=28.4%
  defended  : not started

  Latest vulnerable trial 029: def4_meas=True  Q@k†=25.3%  R:20→60 Mbps  elapsed=371s
=================================================================

=================================================================
  WAVE 1 STATUS  06:11:42 IST
=================================================================
  Queue position : INFO  Starting: exp1_vulnerable
  tc rate (lo)   : 10.00 Mbps  →  agent AMBR ≈ ~40 Mbps

  vulnerable: 29/30 trials | def4_meas=100% (29/29) | Q@k†: last=25.3%  mean=28.4%
  defended  : not started

  Latest vulnerable trial 029: def4_meas=True  Q@k†=25.3%  R:20→60 Mbps  elapsed=371s
=================================================================

=================================================================
  WAVE 1 STATUS  06:12:42 IST
=================================================================
  Queue position : INFO  Starting: exp1_vulnerable
  tc rate (lo)   : 10.00 Mbps  →  agent AMBR ≈ ~40 Mbps

  vulnerable: 29/30 trials | def4_meas=100% (29/29) | Q@k†: last=25.3%  mean=28.4%
  defended  : not started

  Latest vulnerable trial 029: def4_meas=True  Q@k†=25.3%  R:20→60 Mbps  elapsed=371s
=================================================================

=================================================================
  WAVE 1 STATUS  06:13:42 IST
=================================================================
  Queue position : INFO  Starting: exp1_vulnerable
  tc rate (lo)   : 6.67 Mbps  →  agent AMBR ≈ ~60 Mbps

  vulnerable: 29/30 trials | def4_meas=100% (29/29) | Q@k†: last=25.3%  mean=28.4%
  defended  : not started

  Latest vulnerable trial 029: def4_meas=True  Q@k†=25.3%  R:20→60 Mbps  elapsed=371s
=================================================================

=================================================================
  WAVE 1 STATUS  06:14:42 IST
=================================================================
  Queue position : INFO  Starting: exp1_vulnerable
  tc rate (lo)   : 6.67 Mbps  →  agent AMBR ≈ ~60 Mbps

  vulnerable: 29/30 trials | def4_meas=100% (29/29) | Q@k†: last=25.3%  mean=28.4%
  defended  : not started

  Latest vulnerable trial 029: def4_meas=True  Q@k†=25.3%  R:20→60 Mbps  elapsed=371s
=================================================================

=================================================================
  WAVE 1 STATUS  06:15:42 IST
=================================================================
  Queue position : INFO  Starting: exp1_vulnerable
  tc rate (lo)   : N/A  →  agent AMBR ≈ N/A

  vulnerable: 30/30 trials | def4_meas=100% (30/30) | Q@k†: last=28.8%  mean=28.4%
  defended  : not started

  Latest vulnerable trial 030: def4_meas=True  Q@k†=28.8%  R:20→60 Mbps  elapsed=328s
=================================================================

=================================================================
  WAVE 1 STATUS  06:16:42 IST
=================================================================
  Queue position : INFO  Starting: exp1_vulnerable
  tc rate (lo)   : N/A  →  agent AMBR ≈ N/A

  vulnerable: 30/30 trials | def4_meas=100% (30/30) | Q@k†: last=28.8%  mean=28.4%
  defended  : not started

  Latest vulnerable trial 030: def4_meas=True  Q@k†=28.8%  R:20→60 Mbps  elapsed=328s
=================================================================

=================================================================
  WAVE 1 STATUS  06:17:42 IST
=================================================================
  Queue position : INFO  Starting: exp1_vulnerable
  tc rate (lo)   : N/A  →  agent AMBR ≈ N/A

  vulnerable: 30/30 trials | def4_meas=100% (30/30) | Q@k†: last=28.8%  mean=28.4%
  defended  : not started

  Latest vulnerable trial 030: def4_meas=True  Q@k†=28.8%  R:20→60 Mbps  elapsed=328s
=================================================================

=================================================================
  WAVE 1 STATUS  06:18:42 IST
=================================================================
  Queue position : INFO  [PARALLEL] Starting group: group_A
  tc rate (lo)   : 20.00 Mbps  →  agent AMBR ≈ ~20 Mbps

  vulnerable: 30/30 trials | def4_meas=100% (30/30) | Q@k†: last=28.8%  mean=28.4%
  defended  : 0/30 trials

  Latest vulnerable trial 030: def4_meas=True  Q@k†=28.8%  R:20→60 Mbps  elapsed=328s
=================================================================

=================================================================
  WAVE 1 STATUS  06:19:42 IST
=================================================================
  Queue position : INFO    [exp11_posthoc] FINISHED OK in 1 min
  tc rate (lo)   : 20.00 Mbps  →  agent AMBR ≈ ~20 Mbps

  vulnerable: 30/30 trials | def4_meas=100% (30/30) | Q@k†: last=28.8%  mean=28.4%
  defended  : 0/30 trials

  Latest vulnerable trial 030: def4_meas=True  Q@k†=28.8%  R:20→60 Mbps  elapsed=328s
=================================================================

=================================================================
  WAVE 1 STATUS  06:20:42 IST
=================================================================
  Queue position : INFO    [exp11_posthoc] FINISHED OK in 1 min
  tc rate (lo)   : 20.00 Mbps  →  agent AMBR ≈ ~20 Mbps

  vulnerable: 30/30 trials | def4_meas=100% (30/30) | Q@k†: last=28.8%  mean=28.4%
  defended  : 0/30 trials

  Latest vulnerable trial 030: def4_meas=True  Q@k†=28.8%  R:20→60 Mbps  elapsed=328s
=================================================================

=================================================================
  WAVE 1 STATUS  06:21:42 IST
=================================================================
  Queue position : INFO    [exp11_posthoc] FINISHED OK in 1 min
  tc rate (lo)   : 20.00 Mbps  →  agent AMBR ≈ ~20 Mbps

  vulnerable: 30/30 trials | def4_meas=100% (30/30) | Q@k†: last=28.8%  mean=28.4%
  defended  : 0/30 trials

  Latest vulnerable trial 030: def4_meas=True  Q@k†=28.8%  R:20→60 Mbps  elapsed=328s
=================================================================

=================================================================
  WAVE 1 STATUS  06:22:42 IST
=================================================================
  Queue position : INFO    [exp11_posthoc] FINISHED OK in 1 min
  tc rate (lo)   : 20.00 Mbps  →  agent AMBR ≈ ~20 Mbps

  vulnerable: 30/30 trials | def4_meas=100% (30/30) | Q@k†: last=28.8%  mean=28.4%
  defended  :  1/30 trials | def4_meas=0% (0/1) | Q@k†: last=N/A  mean=N/A

  Latest vulnerable trial 030: def4_meas=True  Q@k†=28.8%  R:20→60 Mbps  elapsed=328s

  Latest defended trial 001: def4_meas=False  Q@k†=N/A  R:20→20 Mbps  elapsed=220s
=================================================================

=================================================================
  WAVE 1 STATUS  06:23:42 IST
=================================================================
  Queue position : INFO    [exp11_posthoc] FINISHED OK in 1 min
  tc rate (lo)   : 20.00 Mbps  →  agent AMBR ≈ ~20 Mbps

  vulnerable: 30/30 trials | def4_meas=100% (30/30) | Q@k†: last=28.8%  mean=28.4%
  defended  :  1/30 trials | def4_meas=0% (0/1) | Q@k†: last=N/A  mean=N/A

  Latest vulnerable trial 030: def4_meas=True  Q@k†=28.8%  R:20→60 Mbps  elapsed=328s

  Latest defended trial 001: def4_meas=False  Q@k†=N/A  R:20→20 Mbps  elapsed=220s
=================================================================

=================================================================
  WAVE 1 STATUS  06:24:42 IST
=================================================================
  Queue position : INFO    [exp11_posthoc] FINISHED OK in 1 min
  tc rate (lo)   : 20.00 Mbps  →  agent AMBR ≈ ~20 Mbps

  vulnerable: 30/30 trials | def4_meas=100% (30/30) | Q@k†: last=28.8%  mean=28.4%
  defended  :  1/30 trials | def4_meas=0% (0/1) | Q@k†: last=N/A  mean=N/A

  Latest vulnerable trial 030: def4_meas=True  Q@k†=28.8%  R:20→60 Mbps  elapsed=328s

  Latest defended trial 001: def4_meas=False  Q@k†=N/A  R:20→20 Mbps  elapsed=220s
=================================================================

=================================================================
  WAVE 1 STATUS  06:25:42 IST
=================================================================
  Queue position : INFO    [exp11_posthoc] FINISHED OK in 1 min
  tc rate (lo)   : 13.33 Mbps  →  agent AMBR ≈ ~30 Mbps

  vulnerable: 30/30 trials | def4_meas=100% (30/30) | Q@k†: last=28.8%  mean=28.4%
  defended  :  1/30 trials | def4_meas=0% (0/1) | Q@k†: last=N/A  mean=N/A

  Latest vulnerable trial 030: def4_meas=True  Q@k†=28.8%  R:20→60 Mbps  elapsed=328s

  Latest defended trial 001: def4_meas=False  Q@k†=N/A  R:20→20 Mbps  elapsed=220s
=================================================================

=================================================================
  WAVE 1 STATUS  06:26:42 IST
=================================================================
  Queue position : INFO    [exp11_posthoc] FINISHED OK in 1 min
  tc rate (lo)   : 13.33 Mbps  →  agent AMBR ≈ ~30 Mbps

  vulnerable: 30/30 trials | def4_meas=100% (30/30) | Q@k†: last=28.8%  mean=28.4%
  defended  :  1/30 trials | def4_meas=0% (0/1) | Q@k†: last=N/A  mean=N/A

  Latest vulnerable trial 030: def4_meas=True  Q@k†=28.8%  R:20→60 Mbps  elapsed=328s

  Latest defended trial 001: def4_meas=False  Q@k†=N/A  R:20→20 Mbps  elapsed=220s
=================================================================

=================================================================
  WAVE 1 STATUS  06:27:42 IST
=================================================================
  Queue position : INFO    [exp11_posthoc] FINISHED OK in 1 min
  tc rate (lo)   : 13.33 Mbps  →  agent AMBR ≈ ~30 Mbps

  vulnerable: 30/30 trials | def4_meas=100% (30/30) | Q@k†: last=28.8%  mean=28.4%
  defended  :  1/30 trials | def4_meas=0% (0/1) | Q@k†: last=N/A  mean=N/A

  Latest vulnerable trial 030: def4_meas=True  Q@k†=28.8%  R:20→60 Mbps  elapsed=328s

  Latest defended trial 001: def4_meas=False  Q@k†=N/A  R:20→20 Mbps  elapsed=220s
=================================================================

=================================================================
  WAVE 1 STATUS  06:28:42 IST
=================================================================
  Queue position : INFO    [exp11_posthoc] FINISHED OK in 1 min
  tc rate (lo)   : 20.00 Mbps  →  agent AMBR ≈ ~20 Mbps

  vulnerable: 30/30 trials | def4_meas=100% (30/30) | Q@k†: last=28.8%  mean=28.4%
  defended  :  2/30 trials | def4_meas=50% (1/2) | Q@k†: last=24.8%  mean=24.8%

  Latest vulnerable trial 030: def4_meas=True  Q@k†=28.8%  R:20→60 Mbps  elapsed=328s

  Latest defended trial 002: def4_meas=True  Q@k†=24.8%  R:20→30 Mbps  elapsed=274s
=================================================================

=================================================================
  WAVE 1 STATUS  06:29:42 IST
=================================================================
  Queue position : INFO    [exp11_posthoc] FINISHED OK in 1 min
  tc rate (lo)   : 20.00 Mbps  →  agent AMBR ≈ ~20 Mbps

  vulnerable: 30/30 trials | def4_meas=100% (30/30) | Q@k†: last=28.8%  mean=28.4%
  defended  :  2/30 trials | def4_meas=50% (1/2) | Q@k†: last=24.8%  mean=24.8%

  Latest vulnerable trial 030: def4_meas=True  Q@k†=28.8%  R:20→60 Mbps  elapsed=328s

  Latest defended trial 002: def4_meas=True  Q@k†=24.8%  R:20→30 Mbps  elapsed=274s
=================================================================

=================================================================
  WAVE 1 STATUS  06:30:42 IST
=================================================================
  Queue position : INFO    [exp11_posthoc] FINISHED OK in 1 min
  tc rate (lo)   : 20.00 Mbps  →  agent AMBR ≈ ~20 Mbps

  vulnerable: 30/30 trials | def4_meas=100% (30/30) | Q@k†: last=28.8%  mean=28.4%
  defended  :  2/30 trials | def4_meas=50% (1/2) | Q@k†: last=24.8%  mean=24.8%

  Latest vulnerable trial 030: def4_meas=True  Q@k†=28.8%  R:20→60 Mbps  elapsed=328s

  Latest defended trial 002: def4_meas=True  Q@k†=24.8%  R:20→30 Mbps  elapsed=274s
=================================================================

=================================================================
  WAVE 1 STATUS  06:31:42 IST
=================================================================
  Queue position : INFO    [exp11_posthoc] FINISHED OK in 1 min
  tc rate (lo)   : 13.33 Mbps  →  agent AMBR ≈ ~30 Mbps

  vulnerable: 30/30 trials | def4_meas=100% (30/30) | Q@k†: last=28.8%  mean=28.4%
  defended  :  2/30 trials | def4_meas=50% (1/2) | Q@k†: last=24.8%  mean=24.8%

  Latest vulnerable trial 030: def4_meas=True  Q@k†=28.8%  R:20→60 Mbps  elapsed=328s

  Latest defended trial 002: def4_meas=True  Q@k†=24.8%  R:20→30 Mbps  elapsed=274s
=================================================================

=================================================================
  WAVE 1 STATUS  06:32:42 IST
=================================================================
  Queue position : INFO    [exp11_posthoc] FINISHED OK in 1 min
  tc rate (lo)   : 13.33 Mbps  →  agent AMBR ≈ ~30 Mbps

  vulnerable: 30/30 trials | def4_meas=100% (30/30) | Q@k†: last=28.8%  mean=28.4%
  defended  :  2/30 trials | def4_meas=50% (1/2) | Q@k†: last=24.8%  mean=24.8%

  Latest vulnerable trial 030: def4_meas=True  Q@k†=28.8%  R:20→60 Mbps  elapsed=328s

  Latest defended trial 002: def4_meas=True  Q@k†=24.8%  R:20→30 Mbps  elapsed=274s
=================================================================

=================================================================
  WAVE 1 STATUS  06:33:42 IST
=================================================================
  Queue position : INFO    [exp11_posthoc] FINISHED OK in 1 min
  tc rate (lo)   : 20.00 Mbps  →  agent AMBR ≈ ~20 Mbps

  vulnerable: 30/30 trials | def4_meas=100% (30/30) | Q@k†: last=28.8%  mean=28.4%
  defended  :  3/30 trials | def4_meas=67% (2/3) | Q@k†: last=28.7%  mean=26.7%

  Latest vulnerable trial 030: def4_meas=True  Q@k†=28.8%  R:20→60 Mbps  elapsed=328s

  Latest defended trial 003: def4_meas=True  Q@k†=28.7%  R:20→30 Mbps  elapsed=273s
=================================================================

=================================================================
  WAVE 1 STATUS  06:34:42 IST
=================================================================
  Queue position : INFO    [exp11_posthoc] FINISHED OK in 1 min
  tc rate (lo)   : 20.00 Mbps  →  agent AMBR ≈ ~20 Mbps

  vulnerable: 30/30 trials | def4_meas=100% (30/30) | Q@k†: last=28.8%  mean=28.4%
  defended  :  3/30 trials | def4_meas=67% (2/3) | Q@k†: last=28.7%  mean=26.7%

  Latest vulnerable trial 030: def4_meas=True  Q@k†=28.8%  R:20→60 Mbps  elapsed=328s

  Latest defended trial 003: def4_meas=True  Q@k†=28.7%  R:20→30 Mbps  elapsed=273s
=================================================================

=================================================================
  WAVE 1 STATUS  06:35:42 IST
=================================================================
  Queue position : INFO    [exp11_posthoc] FINISHED OK in 1 min
  tc rate (lo)   : 20.00 Mbps  →  agent AMBR ≈ ~20 Mbps

  vulnerable: 30/30 trials | def4_meas=100% (30/30) | Q@k†: last=28.8%  mean=28.4%
  defended  :  3/30 trials | def4_meas=67% (2/3) | Q@k†: last=28.7%  mean=26.7%

  Latest vulnerable trial 030: def4_meas=True  Q@k†=28.8%  R:20→60 Mbps  elapsed=328s

  Latest defended trial 003: def4_meas=True  Q@k†=28.7%  R:20→30 Mbps  elapsed=273s
=================================================================

=================================================================
  WAVE 1 STATUS  06:36:42 IST
=================================================================
  Queue position : INFO    [exp11_posthoc] FINISHED OK in 1 min
  tc rate (lo)   : 13.33 Mbps  →  agent AMBR ≈ ~30 Mbps

  vulnerable: 30/30 trials | def4_meas=100% (30/30) | Q@k†: last=28.8%  mean=28.4%
  defended  :  3/30 trials | def4_meas=67% (2/3) | Q@k†: last=28.7%  mean=26.7%

  Latest vulnerable trial 030: def4_meas=True  Q@k†=28.8%  R:20→60 Mbps  elapsed=328s

  Latest defended trial 003: def4_meas=True  Q@k†=28.7%  R:20→30 Mbps  elapsed=273s
=================================================================

=================================================================
  WAVE 1 STATUS  06:37:42 IST
=================================================================
  Queue position : INFO    [exp11_posthoc] FINISHED OK in 1 min
  tc rate (lo)   : 13.33 Mbps  →  agent AMBR ≈ ~30 Mbps

  vulnerable: 30/30 trials | def4_meas=100% (30/30) | Q@k†: last=28.8%  mean=28.4%
  defended  :  3/30 trials | def4_meas=67% (2/3) | Q@k†: last=28.7%  mean=26.7%

  Latest vulnerable trial 030: def4_meas=True  Q@k†=28.8%  R:20→60 Mbps  elapsed=328s

  Latest defended trial 003: def4_meas=True  Q@k†=28.7%  R:20→30 Mbps  elapsed=273s
=================================================================

=================================================================
  WAVE 1 STATUS  06:38:42 IST
=================================================================
  Queue position : INFO    [exp11_posthoc] FINISHED OK in 1 min
  tc rate (lo)   : 20.00 Mbps  →  agent AMBR ≈ ~20 Mbps

  vulnerable: 30/30 trials | def4_meas=100% (30/30) | Q@k†: last=28.8%  mean=28.4%
  defended  :  4/30 trials | def4_meas=75% (3/4) | Q@k†: last=21.9%  mean=25.1%

  Latest vulnerable trial 030: def4_meas=True  Q@k†=28.8%  R:20→60 Mbps  elapsed=328s

  Latest defended trial 004: def4_meas=True  Q@k†=21.9%  R:20→30 Mbps  elapsed=253s
=================================================================

=================================================================
  WAVE 1 STATUS  06:39:42 IST
=================================================================
  Queue position : INFO    [exp11_posthoc] FINISHED OK in 1 min
  tc rate (lo)   : 20.00 Mbps  →  agent AMBR ≈ ~20 Mbps

  vulnerable: 30/30 trials | def4_meas=100% (30/30) | Q@k†: last=28.8%  mean=28.4%
  defended  :  4/30 trials | def4_meas=75% (3/4) | Q@k†: last=21.9%  mean=25.1%

  Latest vulnerable trial 030: def4_meas=True  Q@k†=28.8%  R:20→60 Mbps  elapsed=328s

  Latest defended trial 004: def4_meas=True  Q@k†=21.9%  R:20→30 Mbps  elapsed=253s
=================================================================

=================================================================
  WAVE 1 STATUS  06:40:42 IST
=================================================================
  Queue position : INFO    [exp11_posthoc] FINISHED OK in 1 min
  tc rate (lo)   : 20.00 Mbps  →  agent AMBR ≈ ~20 Mbps

  vulnerable: 30/30 trials | def4_meas=100% (30/30) | Q@k†: last=28.8%  mean=28.4%
  defended  :  4/30 trials | def4_meas=75% (3/4) | Q@k†: last=21.9%  mean=25.1%

  Latest vulnerable trial 030: def4_meas=True  Q@k†=28.8%  R:20→60 Mbps  elapsed=328s

  Latest defended trial 004: def4_meas=True  Q@k†=21.9%  R:20→30 Mbps  elapsed=253s
=================================================================

=================================================================
  WAVE 1 STATUS  06:41:42 IST
=================================================================
  Queue position : INFO    [exp11_posthoc] FINISHED OK in 1 min
  tc rate (lo)   : 13.33 Mbps  →  agent AMBR ≈ ~30 Mbps

  vulnerable: 30/30 trials | def4_meas=100% (30/30) | Q@k†: last=28.8%  mean=28.4%
  defended  :  4/30 trials | def4_meas=75% (3/4) | Q@k†: last=21.9%  mean=25.1%

  Latest vulnerable trial 030: def4_meas=True  Q@k†=28.8%  R:20→60 Mbps  elapsed=328s

  Latest defended trial 004: def4_meas=True  Q@k†=21.9%  R:20→30 Mbps  elapsed=253s
=================================================================

=================================================================
  WAVE 1 STATUS  06:42:42 IST
=================================================================
  Queue position : INFO    [exp11_posthoc] FINISHED OK in 1 min
  tc rate (lo)   : 13.33 Mbps  →  agent AMBR ≈ ~30 Mbps

  vulnerable: 30/30 trials | def4_meas=100% (30/30) | Q@k†: last=28.8%  mean=28.4%
  defended  :  4/30 trials | def4_meas=75% (3/4) | Q@k†: last=21.9%  mean=25.1%

  Latest vulnerable trial 030: def4_meas=True  Q@k†=28.8%  R:20→60 Mbps  elapsed=328s

  Latest defended trial 004: def4_meas=True  Q@k†=21.9%  R:20→30 Mbps  elapsed=253s
=================================================================

=================================================================
  WAVE 1 STATUS  06:43:42 IST
=================================================================
  Queue position : INFO    [exp11_posthoc] FINISHED OK in 1 min
  tc rate (lo)   : 13.33 Mbps  →  agent AMBR ≈ ~30 Mbps

  vulnerable: 30/30 trials | def4_meas=100% (30/30) | Q@k†: last=28.8%  mean=28.4%
  defended  :  4/30 trials | def4_meas=75% (3/4) | Q@k†: last=21.9%  mean=25.1%

  Latest vulnerable trial 030: def4_meas=True  Q@k†=28.8%  R:20→60 Mbps  elapsed=328s

  Latest defended trial 004: def4_meas=True  Q@k†=21.9%  R:20→30 Mbps  elapsed=253s
=================================================================

=================================================================
  WAVE 1 STATUS  06:44:42 IST
=================================================================
  Queue position : INFO    [exp11_posthoc] FINISHED OK in 1 min
  tc rate (lo)   : 20.00 Mbps  →  agent AMBR ≈ ~20 Mbps

  vulnerable: 30/30 trials | def4_meas=100% (30/30) | Q@k†: last=28.8%  mean=28.4%
  defended  :  5/30 trials | def4_meas=80% (4/5) | Q@k†: last=25.5%  mean=25.2%

  Latest vulnerable trial 030: def4_meas=True  Q@k†=28.8%  R:20→60 Mbps  elapsed=328s

  Latest defended trial 005: def4_meas=True  Q@k†=25.5%  R:20→30 Mbps  elapsed=288s
=================================================================

=================================================================
  WAVE 1 STATUS  06:45:42 IST
=================================================================
  Queue position : INFO    [exp11_posthoc] FINISHED OK in 1 min
  tc rate (lo)   : 20.00 Mbps  →  agent AMBR ≈ ~20 Mbps

  vulnerable: 30/30 trials | def4_meas=100% (30/30) | Q@k†: last=28.8%  mean=28.4%
  defended  :  5/30 trials | def4_meas=80% (4/5) | Q@k†: last=25.5%  mean=25.2%

  Latest vulnerable trial 030: def4_meas=True  Q@k†=28.8%  R:20→60 Mbps  elapsed=328s

  Latest defended trial 005: def4_meas=True  Q@k†=25.5%  R:20→30 Mbps  elapsed=288s
=================================================================

=================================================================
  WAVE 1 STATUS  06:46:42 IST
=================================================================
  Queue position : INFO    [exp11_posthoc] FINISHED OK in 1 min
  tc rate (lo)   : 20.00 Mbps  →  agent AMBR ≈ ~20 Mbps

  vulnerable: 30/30 trials | def4_meas=100% (30/30) | Q@k†: last=28.8%  mean=28.4%
  defended  :  5/30 trials | def4_meas=80% (4/5) | Q@k†: last=25.5%  mean=25.2%

  Latest vulnerable trial 030: def4_meas=True  Q@k†=28.8%  R:20→60 Mbps  elapsed=328s

  Latest defended trial 005: def4_meas=True  Q@k†=25.5%  R:20→30 Mbps  elapsed=288s
=================================================================

=================================================================
  WAVE 1 STATUS  06:47:42 IST
=================================================================
  Queue position : INFO    [exp11_posthoc] FINISHED OK in 1 min
  tc rate (lo)   : 13.33 Mbps  →  agent AMBR ≈ ~30 Mbps

  vulnerable: 30/30 trials | def4_meas=100% (30/30) | Q@k†: last=28.8%  mean=28.4%
  defended  :  5/30 trials | def4_meas=80% (4/5) | Q@k†: last=25.5%  mean=25.2%

  Latest vulnerable trial 030: def4_meas=True  Q@k†=28.8%  R:20→60 Mbps  elapsed=328s

  Latest defended trial 005: def4_meas=True  Q@k†=25.5%  R:20→30 Mbps  elapsed=288s
=================================================================

=================================================================
  WAVE 1 STATUS  06:48:42 IST
=================================================================
  Queue position : INFO    [exp11_posthoc] FINISHED OK in 1 min
  tc rate (lo)   : 13.33 Mbps  →  agent AMBR ≈ ~30 Mbps

  vulnerable: 30/30 trials | def4_meas=100% (30/30) | Q@k†: last=28.8%  mean=28.4%
  defended  :  5/30 trials | def4_meas=80% (4/5) | Q@k†: last=25.5%  mean=25.2%

  Latest vulnerable trial 030: def4_meas=True  Q@k†=28.8%  R:20→60 Mbps  elapsed=328s

  Latest defended trial 005: def4_meas=True  Q@k†=25.5%  R:20→30 Mbps  elapsed=288s
=================================================================

=================================================================
  WAVE 1 STATUS  06:49:42 IST
=================================================================
  Queue position : INFO    [exp11_posthoc] FINISHED OK in 1 min
  tc rate (lo)   : 13.33 Mbps  →  agent AMBR ≈ ~30 Mbps

  vulnerable: 30/30 trials | def4_meas=100% (30/30) | Q@k†: last=28.8%  mean=28.4%
  defended  :  6/30 trials | def4_meas=83% (5/6) | Q@k†: last=22.4%  mean=24.7%

  Latest vulnerable trial 030: def4_meas=True  Q@k†=28.8%  R:20→60 Mbps  elapsed=328s

  Latest defended trial 006: def4_meas=True  Q@k†=22.4%  R:20→30 Mbps  elapsed=297s
=================================================================

=================================================================
  WAVE 1 STATUS  06:50:42 IST
=================================================================
  Queue position : INFO    [exp11_posthoc] FINISHED OK in 1 min
  tc rate (lo)   : 20.00 Mbps  →  agent AMBR ≈ ~20 Mbps

  vulnerable: 30/30 trials | def4_meas=100% (30/30) | Q@k†: last=28.8%  mean=28.4%
  defended  :  6/30 trials | def4_meas=83% (5/6) | Q@k†: last=22.4%  mean=24.7%

  Latest vulnerable trial 030: def4_meas=True  Q@k†=28.8%  R:20→60 Mbps  elapsed=328s

  Latest defended trial 006: def4_meas=True  Q@k†=22.4%  R:20→30 Mbps  elapsed=297s
=================================================================

=================================================================
  WAVE 1 STATUS  06:51:42 IST
=================================================================
  Queue position : INFO    [exp11_posthoc] FINISHED OK in 1 min
  tc rate (lo)   : 20.00 Mbps  →  agent AMBR ≈ ~20 Mbps

  vulnerable: 30/30 trials | def4_meas=100% (30/30) | Q@k†: last=28.8%  mean=28.4%
  defended  :  6/30 trials | def4_meas=83% (5/6) | Q@k†: last=22.4%  mean=24.7%

  Latest vulnerable trial 030: def4_meas=True  Q@k†=28.8%  R:20→60 Mbps  elapsed=328s

  Latest defended trial 006: def4_meas=True  Q@k†=22.4%  R:20→30 Mbps  elapsed=297s
=================================================================

=================================================================
  WAVE 1 STATUS  06:52:42 IST
=================================================================
  Queue position : INFO    [exp11_posthoc] FINISHED OK in 1 min
  tc rate (lo)   : 20.00 Mbps  →  agent AMBR ≈ ~20 Mbps

  vulnerable: 30/30 trials | def4_meas=100% (30/30) | Q@k†: last=28.8%  mean=28.4%
  defended  :  6/30 trials | def4_meas=83% (5/6) | Q@k†: last=22.4%  mean=24.7%

  Latest vulnerable trial 030: def4_meas=True  Q@k†=28.8%  R:20→60 Mbps  elapsed=328s

  Latest defended trial 006: def4_meas=True  Q@k†=22.4%  R:20→30 Mbps  elapsed=297s
=================================================================

=================================================================
  WAVE 1 STATUS  06:53:42 IST
=================================================================
  Queue position : INFO    [exp11_posthoc] FINISHED OK in 1 min
  tc rate (lo)   : 13.33 Mbps  →  agent AMBR ≈ ~30 Mbps

  vulnerable: 30/30 trials | def4_meas=100% (30/30) | Q@k†: last=28.8%  mean=28.4%
  defended  :  6/30 trials | def4_meas=83% (5/6) | Q@k†: last=22.4%  mean=24.7%

  Latest vulnerable trial 030: def4_meas=True  Q@k†=28.8%  R:20→60 Mbps  elapsed=328s

  Latest defended trial 006: def4_meas=True  Q@k†=22.4%  R:20→30 Mbps  elapsed=297s
=================================================================

=================================================================
  WAVE 1 STATUS  06:54:42 IST
=================================================================
  Queue position : INFO    [exp11_posthoc] FINISHED OK in 1 min
  tc rate (lo)   : 13.33 Mbps  →  agent AMBR ≈ ~30 Mbps

  vulnerable: 30/30 trials | def4_meas=100% (30/30) | Q@k†: last=28.8%  mean=28.4%
  defended  :  6/30 trials | def4_meas=83% (5/6) | Q@k†: last=22.4%  mean=24.7%

  Latest vulnerable trial 030: def4_meas=True  Q@k†=28.8%  R:20→60 Mbps  elapsed=328s

  Latest defended trial 006: def4_meas=True  Q@k†=22.4%  R:20→30 Mbps  elapsed=297s
=================================================================

=================================================================
  WAVE 1 STATUS  06:55:42 IST
=================================================================
  Queue position : INFO    [exp11_posthoc] FINISHED OK in 1 min
  tc rate (lo)   : 20.00 Mbps  →  agent AMBR ≈ ~20 Mbps

  vulnerable: 30/30 trials | def4_meas=100% (30/30) | Q@k†: last=28.8%  mean=28.4%
  defended  :  7/30 trials | def4_meas=86% (6/7) | Q@k†: last=25.9%  mean=24.9%

  Latest vulnerable trial 030: def4_meas=True  Q@k†=28.8%  R:20→60 Mbps  elapsed=328s

  Latest defended trial 007: def4_meas=True  Q@k†=25.9%  R:20→30 Mbps  elapsed=276s
=================================================================

=================================================================
  WAVE 1 STATUS  06:56:42 IST
=================================================================
  Queue position : INFO    [exp11_posthoc] FINISHED OK in 1 min
  tc rate (lo)   : 20.00 Mbps  →  agent AMBR ≈ ~20 Mbps

  vulnerable: 30/30 trials | def4_meas=100% (30/30) | Q@k†: last=28.8%  mean=28.4%
  defended  :  7/30 trials | def4_meas=86% (6/7) | Q@k†: last=25.9%  mean=24.9%

  Latest vulnerable trial 030: def4_meas=True  Q@k†=28.8%  R:20→60 Mbps  elapsed=328s

  Latest defended trial 007: def4_meas=True  Q@k†=25.9%  R:20→30 Mbps  elapsed=276s
=================================================================

=================================================================
  WAVE 1 STATUS  06:57:43 IST
=================================================================
  Queue position : INFO    [exp11_posthoc] FINISHED OK in 1 min
  tc rate (lo)   : 20.00 Mbps  →  agent AMBR ≈ ~20 Mbps

  vulnerable: 30/30 trials | def4_meas=100% (30/30) | Q@k†: last=28.8%  mean=28.4%
  defended  :  7/30 trials | def4_meas=86% (6/7) | Q@k†: last=25.9%  mean=24.9%

  Latest vulnerable trial 030: def4_meas=True  Q@k†=28.8%  R:20→60 Mbps  elapsed=328s

  Latest defended trial 007: def4_meas=True  Q@k†=25.9%  R:20→30 Mbps  elapsed=276s
=================================================================

=================================================================
  WAVE 1 STATUS  06:58:43 IST
=================================================================
  Queue position : INFO    [exp11_posthoc] FINISHED OK in 1 min
  tc rate (lo)   : 13.33 Mbps  →  agent AMBR ≈ ~30 Mbps

  vulnerable: 30/30 trials | def4_meas=100% (30/30) | Q@k†: last=28.8%  mean=28.4%
  defended  :  7/30 trials | def4_meas=86% (6/7) | Q@k†: last=25.9%  mean=24.9%

  Latest vulnerable trial 030: def4_meas=True  Q@k†=28.8%  R:20→60 Mbps  elapsed=328s

  Latest defended trial 007: def4_meas=True  Q@k†=25.9%  R:20→30 Mbps  elapsed=276s
=================================================================

=================================================================
  WAVE 1 STATUS  06:59:43 IST
=================================================================
  Queue position : INFO    [exp11_posthoc] FINISHED OK in 1 min
  tc rate (lo)   : 13.33 Mbps  →  agent AMBR ≈ ~30 Mbps

  vulnerable: 30/30 trials | def4_meas=100% (30/30) | Q@k†: last=28.8%  mean=28.4%
  defended  :  7/30 trials | def4_meas=86% (6/7) | Q@k†: last=25.9%  mean=24.9%

  Latest vulnerable trial 030: def4_meas=True  Q@k†=28.8%  R:20→60 Mbps  elapsed=328s

  Latest defended trial 007: def4_meas=True  Q@k†=25.9%  R:20→30 Mbps  elapsed=276s
=================================================================

=================================================================
  WAVE 1 STATUS  07:00:43 IST
=================================================================
  Queue position : INFO    [exp11_posthoc] FINISHED OK in 1 min
  tc rate (lo)   : 13.33 Mbps  →  agent AMBR ≈ ~30 Mbps

  vulnerable: 30/30 trials | def4_meas=100% (30/30) | Q@k†: last=28.8%  mean=28.4%
  defended  :  7/30 trials | def4_meas=86% (6/7) | Q@k†: last=25.9%  mean=24.9%

  Latest vulnerable trial 030: def4_meas=True  Q@k†=28.8%  R:20→60 Mbps  elapsed=328s

  Latest defended trial 007: def4_meas=True  Q@k†=25.9%  R:20→30 Mbps  elapsed=276s
=================================================================

=================================================================
  WAVE 1 STATUS  07:01:43 IST
=================================================================
  Queue position : INFO    [exp11_posthoc] FINISHED OK in 1 min
  tc rate (lo)   : 20.00 Mbps  →  agent AMBR ≈ ~20 Mbps

  vulnerable: 30/30 trials | def4_meas=100% (30/30) | Q@k†: last=28.8%  mean=28.4%
  defended  :  8/30 trials | def4_meas=88% (7/8) | Q@k†: last=25.9%  mean=25.0%

  Latest vulnerable trial 030: def4_meas=True  Q@k†=28.8%  R:20→60 Mbps  elapsed=328s

  Latest defended trial 008: def4_meas=True  Q@k†=25.9%  R:20→30 Mbps  elapsed=293s
=================================================================

=================================================================
  WAVE 1 STATUS  07:02:43 IST
=================================================================
  Queue position : INFO    [exp11_posthoc] FINISHED OK in 1 min
  tc rate (lo)   : 20.00 Mbps  →  agent AMBR ≈ ~20 Mbps

  vulnerable: 30/30 trials | def4_meas=100% (30/30) | Q@k†: last=28.8%  mean=28.4%
  defended  :  8/30 trials | def4_meas=88% (7/8) | Q@k†: last=25.9%  mean=25.0%

  Latest vulnerable trial 030: def4_meas=True  Q@k†=28.8%  R:20→60 Mbps  elapsed=328s

  Latest defended trial 008: def4_meas=True  Q@k†=25.9%  R:20→30 Mbps  elapsed=293s
=================================================================

=================================================================
  WAVE 1 STATUS  07:03:43 IST
=================================================================
  Queue position : INFO    [exp11_posthoc] FINISHED OK in 1 min
  tc rate (lo)   : 20.00 Mbps  →  agent AMBR ≈ ~20 Mbps

  vulnerable: 30/30 trials | def4_meas=100% (30/30) | Q@k†: last=28.8%  mean=28.4%
  defended  :  8/30 trials | def4_meas=88% (7/8) | Q@k†: last=25.9%  mean=25.0%

  Latest vulnerable trial 030: def4_meas=True  Q@k†=28.8%  R:20→60 Mbps  elapsed=328s

  Latest defended trial 008: def4_meas=True  Q@k†=25.9%  R:20→30 Mbps  elapsed=293s
=================================================================

=================================================================
  WAVE 1 STATUS  07:04:43 IST
=================================================================
  Queue position : INFO    [exp11_posthoc] FINISHED OK in 1 min
  tc rate (lo)   : 13.33 Mbps  →  agent AMBR ≈ ~30 Mbps

  vulnerable: 30/30 trials | def4_meas=100% (30/30) | Q@k†: last=28.8%  mean=28.4%
  defended  :  8/30 trials | def4_meas=88% (7/8) | Q@k†: last=25.9%  mean=25.0%

  Latest vulnerable trial 030: def4_meas=True  Q@k†=28.8%  R:20→60 Mbps  elapsed=328s

  Latest defended trial 008: def4_meas=True  Q@k†=25.9%  R:20→30 Mbps  elapsed=293s
=================================================================

=================================================================
  WAVE 1 STATUS  07:05:43 IST
=================================================================
  Queue position : INFO    [exp11_posthoc] FINISHED OK in 1 min
  tc rate (lo)   : 13.33 Mbps  →  agent AMBR ≈ ~30 Mbps

  vulnerable: 30/30 trials | def4_meas=100% (30/30) | Q@k†: last=28.8%  mean=28.4%
  defended  :  8/30 trials | def4_meas=88% (7/8) | Q@k†: last=25.9%  mean=25.0%

  Latest vulnerable trial 030: def4_meas=True  Q@k†=28.8%  R:20→60 Mbps  elapsed=328s

  Latest defended trial 008: def4_meas=True  Q@k†=25.9%  R:20→30 Mbps  elapsed=293s
=================================================================

=================================================================
  WAVE 1 STATUS  07:06:43 IST
=================================================================
  Queue position : INFO    [exp11_posthoc] FINISHED OK in 1 min
  tc rate (lo)   : 20.00 Mbps  →  agent AMBR ≈ ~20 Mbps

  vulnerable: 30/30 trials | def4_meas=100% (30/30) | Q@k†: last=28.8%  mean=28.4%
  defended  :  9/30 trials | def4_meas=89% (8/9) | Q@k†: last=25.5%  mean=25.1%

  Latest vulnerable trial 030: def4_meas=True  Q@k†=28.8%  R:20→60 Mbps  elapsed=328s

  Latest defended trial 009: def4_meas=True  Q@k†=25.5%  R:20→30 Mbps  elapsed=277s
=================================================================

=================================================================
  WAVE 1 STATUS  07:07:43 IST
=================================================================
  Queue position : INFO    [exp11_posthoc] FINISHED OK in 1 min
  tc rate (lo)   : 20.00 Mbps  →  agent AMBR ≈ ~20 Mbps

  vulnerable: 30/30 trials | def4_meas=100% (30/30) | Q@k†: last=28.8%  mean=28.4%
  defended  :  9/30 trials | def4_meas=89% (8/9) | Q@k†: last=25.5%  mean=25.1%

  Latest vulnerable trial 030: def4_meas=True  Q@k†=28.8%  R:20→60 Mbps  elapsed=328s

  Latest defended trial 009: def4_meas=True  Q@k†=25.5%  R:20→30 Mbps  elapsed=277s
=================================================================

=================================================================
  WAVE 1 STATUS  07:08:43 IST
=================================================================
  Queue position : INFO    [exp11_posthoc] FINISHED OK in 1 min
  tc rate (lo)   : 20.00 Mbps  →  agent AMBR ≈ ~20 Mbps

  vulnerable: 30/30 trials | def4_meas=100% (30/30) | Q@k†: last=28.8%  mean=28.4%
  defended  :  9/30 trials | def4_meas=89% (8/9) | Q@k†: last=25.5%  mean=25.1%

  Latest vulnerable trial 030: def4_meas=True  Q@k†=28.8%  R:20→60 Mbps  elapsed=328s

  Latest defended trial 009: def4_meas=True  Q@k†=25.5%  R:20→30 Mbps  elapsed=277s
=================================================================

=================================================================
  WAVE 1 STATUS  07:09:43 IST
=================================================================
  Queue position : INFO    [exp11_posthoc] FINISHED OK in 1 min
  tc rate (lo)   : 13.33 Mbps  →  agent AMBR ≈ ~30 Mbps

  vulnerable: 30/30 trials | def4_meas=100% (30/30) | Q@k†: last=28.8%  mean=28.4%
  defended  :  9/30 trials | def4_meas=89% (8/9) | Q@k†: last=25.5%  mean=25.1%

  Latest vulnerable trial 030: def4_meas=True  Q@k†=28.8%  R:20→60 Mbps  elapsed=328s

  Latest defended trial 009: def4_meas=True  Q@k†=25.5%  R:20→30 Mbps  elapsed=277s
=================================================================

=================================================================
  WAVE 1 STATUS  07:10:43 IST
=================================================================
  Queue position : INFO    [exp11_posthoc] FINISHED OK in 1 min
  tc rate (lo)   : 13.33 Mbps  →  agent AMBR ≈ ~30 Mbps

  vulnerable: 30/30 trials | def4_meas=100% (30/30) | Q@k†: last=28.8%  mean=28.4%
  defended  :  9/30 trials | def4_meas=89% (8/9) | Q@k†: last=25.5%  mean=25.1%

  Latest vulnerable trial 030: def4_meas=True  Q@k†=28.8%  R:20→60 Mbps  elapsed=328s

  Latest defended trial 009: def4_meas=True  Q@k†=25.5%  R:20→30 Mbps  elapsed=277s
=================================================================

=================================================================
  WAVE 1 STATUS  07:11:43 IST
=================================================================
  Queue position : INFO    [exp11_posthoc] FINISHED OK in 1 min
  tc rate (lo)   : 20.00 Mbps  →  agent AMBR ≈ ~20 Mbps

  vulnerable: 30/30 trials | def4_meas=100% (30/30) | Q@k†: last=28.8%  mean=28.4%
  defended  : 10/30 trials | def4_meas=90% (9/10) | Q@k†: last=25.1%  mean=25.1%

  Latest vulnerable trial 030: def4_meas=True  Q@k†=28.8%  R:20→60 Mbps  elapsed=328s

  Latest defended trial 010: def4_meas=True  Q@k†=25.1%  R:20→30 Mbps  elapsed=270s
=================================================================

=================================================================
  WAVE 1 STATUS  07:12:43 IST
=================================================================
  Queue position : INFO    [exp11_posthoc] FINISHED OK in 1 min
  tc rate (lo)   : 20.00 Mbps  →  agent AMBR ≈ ~20 Mbps

  vulnerable: 30/30 trials | def4_meas=100% (30/30) | Q@k†: last=28.8%  mean=28.4%
  defended  : 10/30 trials | def4_meas=90% (9/10) | Q@k†: last=25.1%  mean=25.1%

  Latest vulnerable trial 030: def4_meas=True  Q@k†=28.8%  R:20→60 Mbps  elapsed=328s

  Latest defended trial 010: def4_meas=True  Q@k†=25.1%  R:20→30 Mbps  elapsed=270s
=================================================================

=================================================================
  WAVE 1 STATUS  07:13:43 IST
=================================================================
  Queue position : INFO    [exp11_posthoc] FINISHED OK in 1 min
  tc rate (lo)   : 20.00 Mbps  →  agent AMBR ≈ ~20 Mbps

  vulnerable: 30/30 trials | def4_meas=100% (30/30) | Q@k†: last=28.8%  mean=28.4%
  defended  : 10/30 trials | def4_meas=90% (9/10) | Q@k†: last=25.1%  mean=25.1%

  Latest vulnerable trial 030: def4_meas=True  Q@k†=28.8%  R:20→60 Mbps  elapsed=328s

  Latest defended trial 010: def4_meas=True  Q@k†=25.1%  R:20→30 Mbps  elapsed=270s
=================================================================

=================================================================
  WAVE 1 STATUS  07:14:43 IST
=================================================================
  Queue position : INFO    [exp11_posthoc] FINISHED OK in 1 min
  tc rate (lo)   : 13.33 Mbps  →  agent AMBR ≈ ~30 Mbps

  vulnerable: 30/30 trials | def4_meas=100% (30/30) | Q@k†: last=28.8%  mean=28.4%
  defended  : 10/30 trials | def4_meas=90% (9/10) | Q@k†: last=25.1%  mean=25.1%

  Latest vulnerable trial 030: def4_meas=True  Q@k†=28.8%  R:20→60 Mbps  elapsed=328s

  Latest defended trial 010: def4_meas=True  Q@k†=25.1%  R:20→30 Mbps  elapsed=270s
=================================================================

=================================================================
  WAVE 1 STATUS  07:15:43 IST
=================================================================
  Queue position : INFO    [exp11_posthoc] FINISHED OK in 1 min
  tc rate (lo)   : 13.33 Mbps  →  agent AMBR ≈ ~30 Mbps

  vulnerable: 30/30 trials | def4_meas=100% (30/30) | Q@k†: last=28.8%  mean=28.4%
  defended  : 10/30 trials | def4_meas=90% (9/10) | Q@k†: last=25.1%  mean=25.1%

  Latest vulnerable trial 030: def4_meas=True  Q@k†=28.8%  R:20→60 Mbps  elapsed=328s

  Latest defended trial 010: def4_meas=True  Q@k†=25.1%  R:20→30 Mbps  elapsed=270s
=================================================================

=================================================================
  WAVE 1 STATUS  07:16:43 IST
=================================================================
  Queue position : INFO    [exp11_posthoc] FINISHED OK in 1 min
  tc rate (lo)   : 13.33 Mbps  →  agent AMBR ≈ ~30 Mbps

  vulnerable: 30/30 trials | def4_meas=100% (30/30) | Q@k†: last=28.8%  mean=28.4%
  defended  : 10/30 trials | def4_meas=90% (9/10) | Q@k†: last=25.1%  mean=25.1%

  Latest vulnerable trial 030: def4_meas=True  Q@k†=28.8%  R:20→60 Mbps  elapsed=328s

  Latest defended trial 010: def4_meas=True  Q@k†=25.1%  R:20→30 Mbps  elapsed=270s
=================================================================

=================================================================
  WAVE 1 STATUS  07:17:43 IST
=================================================================
  Queue position : INFO    [exp11_posthoc] FINISHED OK in 1 min
  tc rate (lo)   : 20.00 Mbps  →  agent AMBR ≈ ~20 Mbps

  vulnerable: 30/30 trials | def4_meas=100% (30/30) | Q@k†: last=28.8%  mean=28.4%
  defended  : 11/30 trials | def4_meas=91% (10/11) | Q@k†: last=24.4%  mean=25.0%

  Latest vulnerable trial 030: def4_meas=True  Q@k†=28.8%  R:20→60 Mbps  elapsed=328s

  Latest defended trial 011: def4_meas=True  Q@k†=24.4%  R:20→30 Mbps  elapsed=313s
=================================================================

=================================================================
  WAVE 1 STATUS  07:18:43 IST
=================================================================
  Queue position : INFO    [exp11_posthoc] FINISHED OK in 1 min
  tc rate (lo)   : 20.00 Mbps  →  agent AMBR ≈ ~20 Mbps

  vulnerable: 30/30 trials | def4_meas=100% (30/30) | Q@k†: last=28.8%  mean=28.4%
  defended  : 11/30 trials | def4_meas=91% (10/11) | Q@k†: last=24.4%  mean=25.0%

  Latest vulnerable trial 030: def4_meas=True  Q@k†=28.8%  R:20→60 Mbps  elapsed=328s

  Latest defended trial 011: def4_meas=True  Q@k†=24.4%  R:20→30 Mbps  elapsed=313s
=================================================================

=================================================================
  WAVE 1 STATUS  07:19:43 IST
=================================================================
  Queue position : INFO    [exp11_posthoc] FINISHED OK in 1 min
  tc rate (lo)   : 20.00 Mbps  →  agent AMBR ≈ ~20 Mbps

  vulnerable: 30/30 trials | def4_meas=100% (30/30) | Q@k†: last=28.8%  mean=28.4%
  defended  : 11/30 trials | def4_meas=91% (10/11) | Q@k†: last=24.4%  mean=25.0%

  Latest vulnerable trial 030: def4_meas=True  Q@k†=28.8%  R:20→60 Mbps  elapsed=328s

  Latest defended trial 011: def4_meas=True  Q@k†=24.4%  R:20→30 Mbps  elapsed=313s
=================================================================

=================================================================
  WAVE 1 STATUS  07:20:43 IST
=================================================================
  Queue position : INFO    [exp11_posthoc] FINISHED OK in 1 min
  tc rate (lo)   : 13.33 Mbps  →  agent AMBR ≈ ~30 Mbps

  vulnerable: 30/30 trials | def4_meas=100% (30/30) | Q@k†: last=28.8%  mean=28.4%
  defended  : 11/30 trials | def4_meas=91% (10/11) | Q@k†: last=24.4%  mean=25.0%

  Latest vulnerable trial 030: def4_meas=True  Q@k†=28.8%  R:20→60 Mbps  elapsed=328s

  Latest defended trial 011: def4_meas=True  Q@k†=24.4%  R:20→30 Mbps  elapsed=313s
=================================================================

=================================================================
  WAVE 1 STATUS  07:21:43 IST
=================================================================
  Queue position : INFO    [exp11_posthoc] FINISHED OK in 1 min
  tc rate (lo)   : 13.33 Mbps  →  agent AMBR ≈ ~30 Mbps

  vulnerable: 30/30 trials | def4_meas=100% (30/30) | Q@k†: last=28.8%  mean=28.4%
  defended  : 11/30 trials | def4_meas=91% (10/11) | Q@k†: last=24.4%  mean=25.0%

  Latest vulnerable trial 030: def4_meas=True  Q@k†=28.8%  R:20→60 Mbps  elapsed=328s

  Latest defended trial 011: def4_meas=True  Q@k†=24.4%  R:20→30 Mbps  elapsed=313s
=================================================================

=================================================================
  WAVE 1 STATUS  07:22:43 IST
=================================================================
  Queue position : INFO    [exp11_posthoc] FINISHED OK in 1 min
  tc rate (lo)   : 13.33 Mbps  →  agent AMBR ≈ ~30 Mbps

  vulnerable: 30/30 trials | def4_meas=100% (30/30) | Q@k†: last=28.8%  mean=28.4%
  defended  : 12/30 trials | def4_meas=92% (11/12) | Q@k†: last=25.1%  mean=25.0%

  Latest vulnerable trial 030: def4_meas=True  Q@k†=28.8%  R:20→60 Mbps  elapsed=328s

  Latest defended trial 012: def4_meas=True  Q@k†=25.1%  R:20→30 Mbps  elapsed=258s
=================================================================

=================================================================
  WAVE 1 STATUS  07:23:43 IST
=================================================================
  Queue position : INFO    [exp11_posthoc] FINISHED OK in 1 min
  tc rate (lo)   : 20.00 Mbps  →  agent AMBR ≈ ~20 Mbps

  vulnerable: 30/30 trials | def4_meas=100% (30/30) | Q@k†: last=28.8%  mean=28.4%
  defended  : 12/30 trials | def4_meas=92% (11/12) | Q@k†: last=25.1%  mean=25.0%

  Latest vulnerable trial 030: def4_meas=True  Q@k†=28.8%  R:20→60 Mbps  elapsed=328s

  Latest defended trial 012: def4_meas=True  Q@k†=25.1%  R:20→30 Mbps  elapsed=258s
=================================================================

=================================================================
  WAVE 1 STATUS  07:24:43 IST
=================================================================
  Queue position : INFO    [exp11_posthoc] FINISHED OK in 1 min
  tc rate (lo)   : 20.00 Mbps  →  agent AMBR ≈ ~20 Mbps

  vulnerable: 30/30 trials | def4_meas=100% (30/30) | Q@k†: last=28.8%  mean=28.4%
  defended  : 12/30 trials | def4_meas=92% (11/12) | Q@k†: last=25.1%  mean=25.0%

  Latest vulnerable trial 030: def4_meas=True  Q@k†=28.8%  R:20→60 Mbps  elapsed=328s

  Latest defended trial 012: def4_meas=True  Q@k†=25.1%  R:20→30 Mbps  elapsed=258s
=================================================================

=================================================================
  WAVE 1 STATUS  07:25:43 IST
=================================================================
  Queue position : INFO    [exp11_posthoc] FINISHED OK in 1 min
  tc rate (lo)   : 20.00 Mbps  →  agent AMBR ≈ ~20 Mbps

  vulnerable: 30/30 trials | def4_meas=100% (30/30) | Q@k†: last=28.8%  mean=28.4%
  defended  : 12/30 trials | def4_meas=92% (11/12) | Q@k†: last=25.1%  mean=25.0%

  Latest vulnerable trial 030: def4_meas=True  Q@k†=28.8%  R:20→60 Mbps  elapsed=328s

  Latest defended trial 012: def4_meas=True  Q@k†=25.1%  R:20→30 Mbps  elapsed=258s
=================================================================

=================================================================
  WAVE 1 STATUS  07:26:43 IST
=================================================================
  Queue position : INFO    [exp11_posthoc] FINISHED OK in 1 min
  tc rate (lo)   : 13.33 Mbps  →  agent AMBR ≈ ~30 Mbps

  vulnerable: 30/30 trials | def4_meas=100% (30/30) | Q@k†: last=28.8%  mean=28.4%
  defended  : 12/30 trials | def4_meas=92% (11/12) | Q@k†: last=25.1%  mean=25.0%

  Latest vulnerable trial 030: def4_meas=True  Q@k†=28.8%  R:20→60 Mbps  elapsed=328s

  Latest defended trial 012: def4_meas=True  Q@k†=25.1%  R:20→30 Mbps  elapsed=258s
=================================================================

=================================================================
  WAVE 1 STATUS  07:27:43 IST
=================================================================
  Queue position : INFO    [exp11_posthoc] FINISHED OK in 1 min
  tc rate (lo)   : 13.33 Mbps  →  agent AMBR ≈ ~30 Mbps

  vulnerable: 30/30 trials | def4_meas=100% (30/30) | Q@k†: last=28.8%  mean=28.4%
  defended  : 13/30 trials | def4_meas=92% (12/13) | Q@k†: last=23.4%  mean=24.9%

  Latest vulnerable trial 030: def4_meas=True  Q@k†=28.8%  R:20→60 Mbps  elapsed=328s

  Latest defended trial 013: def4_meas=True  Q@k†=23.4%  R:20→30 Mbps  elapsed=250s
=================================================================

=================================================================
  WAVE 1 STATUS  07:28:43 IST
=================================================================
  Queue position : INFO    [exp11_posthoc] FINISHED OK in 1 min
  tc rate (lo)   : 20.00 Mbps  →  agent AMBR ≈ ~20 Mbps

  vulnerable: 30/30 trials | def4_meas=100% (30/30) | Q@k†: last=28.8%  mean=28.4%
  defended  : 13/30 trials | def4_meas=92% (12/13) | Q@k†: last=23.4%  mean=24.9%

  Latest vulnerable trial 030: def4_meas=True  Q@k†=28.8%  R:20→60 Mbps  elapsed=328s

  Latest defended trial 013: def4_meas=True  Q@k†=23.4%  R:20→30 Mbps  elapsed=250s
=================================================================

=================================================================
  WAVE 1 STATUS  07:29:43 IST
=================================================================
  Queue position : INFO    [exp11_posthoc] FINISHED OK in 1 min
  tc rate (lo)   : 20.00 Mbps  →  agent AMBR ≈ ~20 Mbps

  vulnerable: 30/30 trials | def4_meas=100% (30/30) | Q@k†: last=28.8%  mean=28.4%
  defended  : 13/30 trials | def4_meas=92% (12/13) | Q@k†: last=23.4%  mean=24.9%

  Latest vulnerable trial 030: def4_meas=True  Q@k†=28.8%  R:20→60 Mbps  elapsed=328s

  Latest defended trial 013: def4_meas=True  Q@k†=23.4%  R:20→30 Mbps  elapsed=250s
=================================================================

=================================================================
  WAVE 1 STATUS  07:30:43 IST
=================================================================
  Queue position : INFO    [exp11_posthoc] FINISHED OK in 1 min
  tc rate (lo)   : 13.33 Mbps  →  agent AMBR ≈ ~30 Mbps

  vulnerable: 30/30 trials | def4_meas=100% (30/30) | Q@k†: last=28.8%  mean=28.4%
  defended  : 13/30 trials | def4_meas=92% (12/13) | Q@k†: last=23.4%  mean=24.9%

  Latest vulnerable trial 030: def4_meas=True  Q@k†=28.8%  R:20→60 Mbps  elapsed=328s

  Latest defended trial 013: def4_meas=True  Q@k†=23.4%  R:20→30 Mbps  elapsed=250s
=================================================================

=================================================================
  WAVE 1 STATUS  07:31:43 IST
=================================================================
  Queue position : INFO    [exp11_posthoc] FINISHED OK in 1 min
  tc rate (lo)   : 13.33 Mbps  →  agent AMBR ≈ ~30 Mbps

  vulnerable: 30/30 trials | def4_meas=100% (30/30) | Q@k†: last=28.8%  mean=28.4%
  defended  : 13/30 trials | def4_meas=92% (12/13) | Q@k†: last=23.4%  mean=24.9%

  Latest vulnerable trial 030: def4_meas=True  Q@k†=28.8%  R:20→60 Mbps  elapsed=328s

  Latest defended trial 013: def4_meas=True  Q@k†=23.4%  R:20→30 Mbps  elapsed=250s
=================================================================

=================================================================
  WAVE 1 STATUS  07:32:43 IST
=================================================================
  Queue position : INFO    [exp11_posthoc] FINISHED OK in 1 min
  tc rate (lo)   : 13.33 Mbps  →  agent AMBR ≈ ~30 Mbps

  vulnerable: 30/30 trials | def4_meas=100% (30/30) | Q@k†: last=28.8%  mean=28.4%
  defended  : 13/30 trials | def4_meas=92% (12/13) | Q@k†: last=23.4%  mean=24.9%

  Latest vulnerable trial 030: def4_meas=True  Q@k†=28.8%  R:20→60 Mbps  elapsed=328s

  Latest defended trial 013: def4_meas=True  Q@k†=23.4%  R:20→30 Mbps  elapsed=250s
=================================================================

=================================================================
  WAVE 1 STATUS  07:33:43 IST
=================================================================
  Queue position : INFO    [exp11_posthoc] FINISHED OK in 1 min
  tc rate (lo)   : 20.00 Mbps  →  agent AMBR ≈ ~20 Mbps

  vulnerable: 30/30 trials | def4_meas=100% (30/30) | Q@k†: last=28.8%  mean=28.4%
  defended  : 14/30 trials | def4_meas=93% (13/14) | Q@k†: last=25.1%  mean=24.9%

  Latest vulnerable trial 030: def4_meas=True  Q@k†=28.8%  R:20→60 Mbps  elapsed=328s

  Latest defended trial 014: def4_meas=True  Q@k†=25.1%  R:20→30 Mbps  elapsed=267s
=================================================================

=================================================================
  WAVE 1 STATUS  07:34:43 IST
=================================================================
  Queue position : INFO    [exp11_posthoc] FINISHED OK in 1 min
  tc rate (lo)   : 20.00 Mbps  →  agent AMBR ≈ ~20 Mbps

  vulnerable: 30/30 trials | def4_meas=100% (30/30) | Q@k†: last=28.8%  mean=28.4%
  defended  : 14/30 trials | def4_meas=93% (13/14) | Q@k†: last=25.1%  mean=24.9%

  Latest vulnerable trial 030: def4_meas=True  Q@k†=28.8%  R:20→60 Mbps  elapsed=328s

  Latest defended trial 014: def4_meas=True  Q@k†=25.1%  R:20→30 Mbps  elapsed=267s
=================================================================

=================================================================
  WAVE 1 STATUS  07:35:43 IST
=================================================================
  Queue position : INFO    [exp11_posthoc] FINISHED OK in 1 min
  tc rate (lo)   : 13.33 Mbps  →  agent AMBR ≈ ~30 Mbps

  vulnerable: 30/30 trials | def4_meas=100% (30/30) | Q@k†: last=28.8%  mean=28.4%
  defended  : 14/30 trials | def4_meas=93% (13/14) | Q@k†: last=25.1%  mean=24.9%

  Latest vulnerable trial 030: def4_meas=True  Q@k†=28.8%  R:20→60 Mbps  elapsed=328s

  Latest defended trial 014: def4_meas=True  Q@k†=25.1%  R:20→30 Mbps  elapsed=267s
=================================================================

=================================================================
  WAVE 1 STATUS  07:36:43 IST
=================================================================
  Queue position : INFO    [exp11_posthoc] FINISHED OK in 1 min
  tc rate (lo)   : 13.33 Mbps  →  agent AMBR ≈ ~30 Mbps

  vulnerable: 30/30 trials | def4_meas=100% (30/30) | Q@k†: last=28.8%  mean=28.4%
  defended  : 14/30 trials | def4_meas=93% (13/14) | Q@k†: last=25.1%  mean=24.9%

  Latest vulnerable trial 030: def4_meas=True  Q@k†=28.8%  R:20→60 Mbps  elapsed=328s

  Latest defended trial 014: def4_meas=True  Q@k†=25.1%  R:20→30 Mbps  elapsed=267s
=================================================================

=================================================================
  WAVE 1 STATUS  07:37:43 IST
=================================================================
  Queue position : INFO    [exp11_posthoc] FINISHED OK in 1 min
  tc rate (lo)   : 13.33 Mbps  →  agent AMBR ≈ ~30 Mbps

  vulnerable: 30/30 trials | def4_meas=100% (30/30) | Q@k†: last=28.8%  mean=28.4%
  defended  : 15/30 trials | def4_meas=93% (14/15) | Q@k†: last=23.3%  mean=24.8%

  Latest vulnerable trial 030: def4_meas=True  Q@k†=28.8%  R:20→60 Mbps  elapsed=328s

  Latest defended trial 015: def4_meas=True  Q@k†=23.3%  R:20→30 Mbps  elapsed=237s
=================================================================

=================================================================
  WAVE 1 STATUS  07:38:43 IST
=================================================================
  Queue position : INFO    [exp11_posthoc] FINISHED OK in 1 min
  tc rate (lo)   : 20.00 Mbps  →  agent AMBR ≈ ~20 Mbps

  vulnerable: 30/30 trials | def4_meas=100% (30/30) | Q@k†: last=28.8%  mean=28.4%
  defended  : 15/30 trials | def4_meas=93% (14/15) | Q@k†: last=23.3%  mean=24.8%

  Latest vulnerable trial 030: def4_meas=True  Q@k†=28.8%  R:20→60 Mbps  elapsed=328s

  Latest defended trial 015: def4_meas=True  Q@k†=23.3%  R:20→30 Mbps  elapsed=237s
=================================================================

=================================================================
  WAVE 1 STATUS  07:39:43 IST
=================================================================
  Queue position : INFO    [exp11_posthoc] FINISHED OK in 1 min
  tc rate (lo)   : 20.00 Mbps  →  agent AMBR ≈ ~20 Mbps

  vulnerable: 30/30 trials | def4_meas=100% (30/30) | Q@k†: last=28.8%  mean=28.4%
  defended  : 15/30 trials | def4_meas=93% (14/15) | Q@k†: last=23.3%  mean=24.8%

  Latest vulnerable trial 030: def4_meas=True  Q@k†=28.8%  R:20→60 Mbps  elapsed=328s

  Latest defended trial 015: def4_meas=True  Q@k†=23.3%  R:20→30 Mbps  elapsed=237s
=================================================================

=================================================================
  WAVE 1 STATUS  07:40:43 IST
=================================================================
  Queue position : INFO    [exp11_posthoc] FINISHED OK in 1 min
  tc rate (lo)   : 20.00 Mbps  →  agent AMBR ≈ ~20 Mbps

  vulnerable: 30/30 trials | def4_meas=100% (30/30) | Q@k†: last=28.8%  mean=28.4%
  defended  : 15/30 trials | def4_meas=93% (14/15) | Q@k†: last=23.3%  mean=24.8%

  Latest vulnerable trial 030: def4_meas=True  Q@k†=28.8%  R:20→60 Mbps  elapsed=328s

  Latest defended trial 015: def4_meas=True  Q@k†=23.3%  R:20→30 Mbps  elapsed=237s
=================================================================

=================================================================
  WAVE 1 STATUS  07:41:43 IST
=================================================================
  Queue position : INFO    [exp11_posthoc] FINISHED OK in 1 min
  tc rate (lo)   : 13.33 Mbps  →  agent AMBR ≈ ~30 Mbps

  vulnerable: 30/30 trials | def4_meas=100% (30/30) | Q@k†: last=28.8%  mean=28.4%
  defended  : 15/30 trials | def4_meas=93% (14/15) | Q@k†: last=23.3%  mean=24.8%

  Latest vulnerable trial 030: def4_meas=True  Q@k†=28.8%  R:20→60 Mbps  elapsed=328s

  Latest defended trial 015: def4_meas=True  Q@k†=23.3%  R:20→30 Mbps  elapsed=237s
=================================================================

=================================================================
  WAVE 1 STATUS  07:42:43 IST
=================================================================
  Queue position : INFO    [exp11_posthoc] FINISHED OK in 1 min
  tc rate (lo)   : 20.00 Mbps  →  agent AMBR ≈ ~20 Mbps

  vulnerable: 30/30 trials | def4_meas=100% (30/30) | Q@k†: last=28.8%  mean=28.4%
  defended  : 16/30 trials | def4_meas=94% (15/16) | Q@k†: last=25.2%  mean=24.8%

  Latest vulnerable trial 030: def4_meas=True  Q@k†=28.8%  R:20→60 Mbps  elapsed=328s

  Latest defended trial 016: def4_meas=True  Q@k†=25.2%  R:20→30 Mbps  elapsed=236s
=================================================================

=================================================================
  WAVE 1 STATUS  07:43:43 IST
=================================================================
  Queue position : INFO    [exp11_posthoc] FINISHED OK in 1 min
  tc rate (lo)   : 20.00 Mbps  →  agent AMBR ≈ ~20 Mbps

  vulnerable: 30/30 trials | def4_meas=100% (30/30) | Q@k†: last=28.8%  mean=28.4%
  defended  : 16/30 trials | def4_meas=94% (15/16) | Q@k†: last=25.2%  mean=24.8%

  Latest vulnerable trial 030: def4_meas=True  Q@k†=28.8%  R:20→60 Mbps  elapsed=328s

  Latest defended trial 016: def4_meas=True  Q@k†=25.2%  R:20→30 Mbps  elapsed=236s
=================================================================

=================================================================
  WAVE 1 STATUS  07:44:43 IST
=================================================================
  Queue position : INFO    [exp11_posthoc] FINISHED OK in 1 min
  tc rate (lo)   : 20.00 Mbps  →  agent AMBR ≈ ~20 Mbps

  vulnerable: 30/30 trials | def4_meas=100% (30/30) | Q@k†: last=28.8%  mean=28.4%
  defended  : 16/30 trials | def4_meas=94% (15/16) | Q@k†: last=25.2%  mean=24.8%

  Latest vulnerable trial 030: def4_meas=True  Q@k†=28.8%  R:20→60 Mbps  elapsed=328s

  Latest defended trial 016: def4_meas=True  Q@k†=25.2%  R:20→30 Mbps  elapsed=236s
=================================================================

=================================================================
  WAVE 1 STATUS  07:45:43 IST
=================================================================
  Queue position : INFO    [exp11_posthoc] FINISHED OK in 1 min
  tc rate (lo)   : 13.33 Mbps  →  agent AMBR ≈ ~30 Mbps

  vulnerable: 30/30 trials | def4_meas=100% (30/30) | Q@k†: last=28.8%  mean=28.4%
  defended  : 16/30 trials | def4_meas=94% (15/16) | Q@k†: last=25.2%  mean=24.8%

  Latest vulnerable trial 030: def4_meas=True  Q@k†=28.8%  R:20→60 Mbps  elapsed=328s

  Latest defended trial 016: def4_meas=True  Q@k†=25.2%  R:20→30 Mbps  elapsed=236s
=================================================================

=================================================================
  WAVE 1 STATUS  07:46:44 IST
=================================================================
  Queue position : INFO    [exp11_posthoc] FINISHED OK in 1 min
  tc rate (lo)   : 13.33 Mbps  →  agent AMBR ≈ ~30 Mbps

  vulnerable: 30/30 trials | def4_meas=100% (30/30) | Q@k†: last=28.8%  mean=28.4%
  defended  : 16/30 trials | def4_meas=94% (15/16) | Q@k†: last=25.2%  mean=24.8%

  Latest vulnerable trial 030: def4_meas=True  Q@k†=28.8%  R:20→60 Mbps  elapsed=328s

  Latest defended trial 016: def4_meas=True  Q@k†=25.2%  R:20→30 Mbps  elapsed=236s
=================================================================

=================================================================
  WAVE 1 STATUS  07:47:44 IST
=================================================================
  Queue position : INFO    [exp11_posthoc] FINISHED OK in 1 min
  tc rate (lo)   : 20.00 Mbps  →  agent AMBR ≈ ~20 Mbps

  vulnerable: 30/30 trials | def4_meas=100% (30/30) | Q@k†: last=28.8%  mean=28.4%
  defended  : 17/30 trials | def4_meas=94% (16/17) | Q@k†: last=21.5%  mean=24.6%

  Latest vulnerable trial 030: def4_meas=True  Q@k†=28.8%  R:20→60 Mbps  elapsed=328s

  Latest defended trial 017: def4_meas=True  Q@k†=21.5%  R:20→30 Mbps  elapsed=261s
=================================================================

=================================================================
  WAVE 1 STATUS  07:48:44 IST
=================================================================
  Queue position : INFO    [exp11_posthoc] FINISHED OK in 1 min
  tc rate (lo)   : 20.00 Mbps  →  agent AMBR ≈ ~20 Mbps

  vulnerable: 30/30 trials | def4_meas=100% (30/30) | Q@k†: last=28.8%  mean=28.4%
  defended  : 17/30 trials | def4_meas=94% (16/17) | Q@k†: last=21.5%  mean=24.6%

  Latest vulnerable trial 030: def4_meas=True  Q@k†=28.8%  R:20→60 Mbps  elapsed=328s

  Latest defended trial 017: def4_meas=True  Q@k†=21.5%  R:20→30 Mbps  elapsed=261s
=================================================================

=================================================================
  WAVE 1 STATUS  07:49:44 IST
=================================================================
  Queue position : INFO    [exp11_posthoc] FINISHED OK in 1 min
  tc rate (lo)   : 20.00 Mbps  →  agent AMBR ≈ ~20 Mbps

  vulnerable: 30/30 trials | def4_meas=100% (30/30) | Q@k†: last=28.8%  mean=28.4%
  defended  : 17/30 trials | def4_meas=94% (16/17) | Q@k†: last=21.5%  mean=24.6%

  Latest vulnerable trial 030: def4_meas=True  Q@k†=28.8%  R:20→60 Mbps  elapsed=328s

  Latest defended trial 017: def4_meas=True  Q@k†=21.5%  R:20→30 Mbps  elapsed=261s
=================================================================

=================================================================
  WAVE 1 STATUS  07:50:44 IST
=================================================================
  Queue position : INFO    [exp11_posthoc] FINISHED OK in 1 min
  tc rate (lo)   : 20.00 Mbps  →  agent AMBR ≈ ~20 Mbps

  vulnerable: 30/30 trials | def4_meas=100% (30/30) | Q@k†: last=28.8%  mean=28.4%
  defended  : 17/30 trials | def4_meas=94% (16/17) | Q@k†: last=21.5%  mean=24.6%

  Latest vulnerable trial 030: def4_meas=True  Q@k†=28.8%  R:20→60 Mbps  elapsed=328s

  Latest defended trial 017: def4_meas=True  Q@k†=21.5%  R:20→30 Mbps  elapsed=261s
=================================================================

=================================================================
  WAVE 1 STATUS  07:51:44 IST
=================================================================
  Queue position : INFO    [exp11_posthoc] FINISHED OK in 1 min
  tc rate (lo)   : 20.00 Mbps  →  agent AMBR ≈ ~20 Mbps

  vulnerable: 30/30 trials | def4_meas=100% (30/30) | Q@k†: last=28.8%  mean=28.4%
  defended  : 17/30 trials | def4_meas=94% (16/17) | Q@k†: last=21.5%  mean=24.6%

  Latest vulnerable trial 030: def4_meas=True  Q@k†=28.8%  R:20→60 Mbps  elapsed=328s

  Latest defended trial 017: def4_meas=True  Q@k†=21.5%  R:20→30 Mbps  elapsed=261s
=================================================================

=================================================================
  WAVE 1 STATUS  07:52:44 IST
=================================================================
  Queue position : INFO    [exp11_posthoc] FINISHED OK in 1 min
  tc rate (lo)   : 13.33 Mbps  →  agent AMBR ≈ ~30 Mbps

  vulnerable: 30/30 trials | def4_meas=100% (30/30) | Q@k†: last=28.8%  mean=28.4%
  defended  : 17/30 trials | def4_meas=94% (16/17) | Q@k†: last=21.5%  mean=24.6%

  Latest vulnerable trial 030: def4_meas=True  Q@k†=28.8%  R:20→60 Mbps  elapsed=328s

  Latest defended trial 017: def4_meas=True  Q@k†=21.5%  R:20→30 Mbps  elapsed=261s
=================================================================

=================================================================
  WAVE 1 STATUS  07:53:44 IST
=================================================================
  Queue position : INFO    [exp11_posthoc] FINISHED OK in 1 min
  tc rate (lo)   : 20.00 Mbps  →  agent AMBR ≈ ~20 Mbps

  vulnerable: 30/30 trials | def4_meas=100% (30/30) | Q@k†: last=28.8%  mean=28.4%
  defended  : 18/30 trials | def4_meas=94% (17/18) | Q@k†: last=17.7%  mean=24.2%

  Latest vulnerable trial 030: def4_meas=True  Q@k†=28.8%  R:20→60 Mbps  elapsed=328s

  Latest defended trial 018: def4_meas=True  Q@k†=17.7%  R:20→30 Mbps  elapsed=266s
=================================================================

=================================================================
  WAVE 1 STATUS  07:54:44 IST
=================================================================
  Queue position : INFO    [exp11_posthoc] FINISHED OK in 1 min
  tc rate (lo)   : 20.00 Mbps  →  agent AMBR ≈ ~20 Mbps

  vulnerable: 30/30 trials | def4_meas=100% (30/30) | Q@k†: last=28.8%  mean=28.4%
  defended  : 18/30 trials | def4_meas=94% (17/18) | Q@k†: last=17.7%  mean=24.2%

  Latest vulnerable trial 030: def4_meas=True  Q@k†=28.8%  R:20→60 Mbps  elapsed=328s

  Latest defended trial 018: def4_meas=True  Q@k†=17.7%  R:20→30 Mbps  elapsed=266s
=================================================================

=================================================================
  WAVE 1 STATUS  07:55:44 IST
=================================================================
  Queue position : INFO    [exp11_posthoc] FINISHED OK in 1 min
  tc rate (lo)   : 13.33 Mbps  →  agent AMBR ≈ ~30 Mbps

  vulnerable: 30/30 trials | def4_meas=100% (30/30) | Q@k†: last=28.8%  mean=28.4%
  defended  : 18/30 trials | def4_meas=94% (17/18) | Q@k†: last=17.7%  mean=24.2%

  Latest vulnerable trial 030: def4_meas=True  Q@k†=28.8%  R:20→60 Mbps  elapsed=328s

  Latest defended trial 018: def4_meas=True  Q@k†=17.7%  R:20→30 Mbps  elapsed=266s
=================================================================

=================================================================
  WAVE 1 STATUS  07:56:44 IST
=================================================================
  Queue position : INFO    [exp11_posthoc] FINISHED OK in 1 min
  tc rate (lo)   : 13.33 Mbps  →  agent AMBR ≈ ~30 Mbps

  vulnerable: 30/30 trials | def4_meas=100% (30/30) | Q@k†: last=28.8%  mean=28.4%
  defended  : 18/30 trials | def4_meas=94% (17/18) | Q@k†: last=17.7%  mean=24.2%

  Latest vulnerable trial 030: def4_meas=True  Q@k†=28.8%  R:20→60 Mbps  elapsed=328s

  Latest defended trial 018: def4_meas=True  Q@k†=17.7%  R:20→30 Mbps  elapsed=266s
=================================================================

=================================================================
  WAVE 1 STATUS  07:57:44 IST
=================================================================
  Queue position : INFO    [exp11_posthoc] FINISHED OK in 1 min
  tc rate (lo)   : 13.33 Mbps  →  agent AMBR ≈ ~30 Mbps

  vulnerable: 30/30 trials | def4_meas=100% (30/30) | Q@k†: last=28.8%  mean=28.4%
  defended  : 18/30 trials | def4_meas=94% (17/18) | Q@k†: last=17.7%  mean=24.2%

  Latest vulnerable trial 030: def4_meas=True  Q@k†=28.8%  R:20→60 Mbps  elapsed=328s

  Latest defended trial 018: def4_meas=True  Q@k†=17.7%  R:20→30 Mbps  elapsed=266s
=================================================================

=================================================================
  WAVE 1 STATUS  07:58:44 IST
=================================================================
  Queue position : INFO    [exp11_posthoc] FINISHED OK in 1 min
  tc rate (lo)   : 20.00 Mbps  →  agent AMBR ≈ ~20 Mbps

  vulnerable: 30/30 trials | def4_meas=100% (30/30) | Q@k†: last=28.8%  mean=28.4%
  defended  : 19/30 trials | def4_meas=95% (18/19) | Q@k†: last=25.3%  mean=24.3%

  Latest vulnerable trial 030: def4_meas=True  Q@k†=28.8%  R:20→60 Mbps  elapsed=328s

  Latest defended trial 019: def4_meas=True  Q@k†=25.3%  R:20→30 Mbps  elapsed=252s
=================================================================

=================================================================
  WAVE 1 STATUS  07:59:44 IST
=================================================================
  Queue position : INFO    [exp11_posthoc] FINISHED OK in 1 min
  tc rate (lo)   : 20.00 Mbps  →  agent AMBR ≈ ~20 Mbps

  vulnerable: 30/30 trials | def4_meas=100% (30/30) | Q@k†: last=28.8%  mean=28.4%
  defended  : 19/30 trials | def4_meas=95% (18/19) | Q@k†: last=25.3%  mean=24.3%

  Latest vulnerable trial 030: def4_meas=True  Q@k†=28.8%  R:20→60 Mbps  elapsed=328s

  Latest defended trial 019: def4_meas=True  Q@k†=25.3%  R:20→30 Mbps  elapsed=252s
=================================================================

=================================================================
  WAVE 1 STATUS  08:00:44 IST
=================================================================
  Queue position : INFO    [exp11_posthoc] FINISHED OK in 1 min
  tc rate (lo)   : 13.33 Mbps  →  agent AMBR ≈ ~30 Mbps

  vulnerable: 30/30 trials | def4_meas=100% (30/30) | Q@k†: last=28.8%  mean=28.4%
  defended  : 19/30 trials | def4_meas=95% (18/19) | Q@k†: last=25.3%  mean=24.3%

  Latest vulnerable trial 030: def4_meas=True  Q@k†=28.8%  R:20→60 Mbps  elapsed=328s

  Latest defended trial 019: def4_meas=True  Q@k†=25.3%  R:20→30 Mbps  elapsed=252s
=================================================================

=================================================================
  WAVE 1 STATUS  08:01:44 IST
=================================================================
  Queue position : INFO    [exp11_posthoc] FINISHED OK in 1 min
  tc rate (lo)   : 13.33 Mbps  →  agent AMBR ≈ ~30 Mbps

  vulnerable: 30/30 trials | def4_meas=100% (30/30) | Q@k†: last=28.8%  mean=28.4%
  defended  : 19/30 trials | def4_meas=95% (18/19) | Q@k†: last=25.3%  mean=24.3%

  Latest vulnerable trial 030: def4_meas=True  Q@k†=28.8%  R:20→60 Mbps  elapsed=328s

  Latest defended trial 019: def4_meas=True  Q@k†=25.3%  R:20→30 Mbps  elapsed=252s
=================================================================

=================================================================
  WAVE 1 STATUS  08:02:44 IST
=================================================================
  Queue position : INFO    [exp11_posthoc] FINISHED OK in 1 min
  tc rate (lo)   : 13.33 Mbps  →  agent AMBR ≈ ~30 Mbps

  vulnerable: 30/30 trials | def4_meas=100% (30/30) | Q@k†: last=28.8%  mean=28.4%
  defended  : 19/30 trials | def4_meas=95% (18/19) | Q@k†: last=25.3%  mean=24.3%

  Latest vulnerable trial 030: def4_meas=True  Q@k†=28.8%  R:20→60 Mbps  elapsed=328s

  Latest defended trial 019: def4_meas=True  Q@k†=25.3%  R:20→30 Mbps  elapsed=252s
=================================================================

=================================================================
  WAVE 1 STATUS  08:03:44 IST
=================================================================
  Queue position : INFO    [exp11_posthoc] FINISHED OK in 1 min
  tc rate (lo)   : 20.00 Mbps  →  agent AMBR ≈ ~20 Mbps

  vulnerable: 30/30 trials | def4_meas=100% (30/30) | Q@k†: last=28.8%  mean=28.4%
  defended  : 20/30 trials | def4_meas=95% (19/20) | Q@k†: last=25.9%  mean=24.3%

  Latest vulnerable trial 030: def4_meas=True  Q@k†=28.8%  R:20→60 Mbps  elapsed=328s

  Latest defended trial 020: def4_meas=True  Q@k†=25.9%  R:20→30 Mbps  elapsed=272s
=================================================================

=================================================================
  WAVE 1 STATUS  08:04:44 IST
=================================================================
  Queue position : INFO    [exp11_posthoc] FINISHED OK in 1 min
  tc rate (lo)   : 20.00 Mbps  →  agent AMBR ≈ ~20 Mbps

  vulnerable: 30/30 trials | def4_meas=100% (30/30) | Q@k†: last=28.8%  mean=28.4%
  defended  : 20/30 trials | def4_meas=95% (19/20) | Q@k†: last=25.9%  mean=24.3%

  Latest vulnerable trial 030: def4_meas=True  Q@k†=28.8%  R:20→60 Mbps  elapsed=328s

  Latest defended trial 020: def4_meas=True  Q@k†=25.9%  R:20→30 Mbps  elapsed=272s
=================================================================

=================================================================
  WAVE 1 STATUS  08:05:44 IST
=================================================================
  Queue position : INFO    [exp11_posthoc] FINISHED OK in 1 min
  tc rate (lo)   : 20.00 Mbps  →  agent AMBR ≈ ~20 Mbps

  vulnerable: 30/30 trials | def4_meas=100% (30/30) | Q@k†: last=28.8%  mean=28.4%
  defended  : 20/30 trials | def4_meas=95% (19/20) | Q@k†: last=25.9%  mean=24.3%

  Latest vulnerable trial 030: def4_meas=True  Q@k†=28.8%  R:20→60 Mbps  elapsed=328s

  Latest defended trial 020: def4_meas=True  Q@k†=25.9%  R:20→30 Mbps  elapsed=272s
=================================================================

=================================================================
  WAVE 1 STATUS  08:06:44 IST
=================================================================
  Queue position : INFO    [exp11_posthoc] FINISHED OK in 1 min
  tc rate (lo)   : 13.33 Mbps  →  agent AMBR ≈ ~30 Mbps

  vulnerable: 30/30 trials | def4_meas=100% (30/30) | Q@k†: last=28.8%  mean=28.4%
  defended  : 20/30 trials | def4_meas=95% (19/20) | Q@k†: last=25.9%  mean=24.3%

  Latest vulnerable trial 030: def4_meas=True  Q@k†=28.8%  R:20→60 Mbps  elapsed=328s

  Latest defended trial 020: def4_meas=True  Q@k†=25.9%  R:20→30 Mbps  elapsed=272s
=================================================================

=================================================================
  WAVE 1 STATUS  08:07:44 IST
=================================================================
  Queue position : INFO    [exp11_posthoc] FINISHED OK in 1 min
  tc rate (lo)   : 13.33 Mbps  →  agent AMBR ≈ ~30 Mbps

  vulnerable: 30/30 trials | def4_meas=100% (30/30) | Q@k†: last=28.8%  mean=28.4%
  defended  : 20/30 trials | def4_meas=95% (19/20) | Q@k†: last=25.9%  mean=24.3%

  Latest vulnerable trial 030: def4_meas=True  Q@k†=28.8%  R:20→60 Mbps  elapsed=328s

  Latest defended trial 020: def4_meas=True  Q@k†=25.9%  R:20→30 Mbps  elapsed=272s
=================================================================

=================================================================
  WAVE 1 STATUS  08:08:44 IST
=================================================================
  Queue position : INFO    [exp11_posthoc] FINISHED OK in 1 min
  tc rate (lo)   : 13.33 Mbps  →  agent AMBR ≈ ~30 Mbps

  vulnerable: 30/30 trials | def4_meas=100% (30/30) | Q@k†: last=28.8%  mean=28.4%
  defended  : 20/30 trials | def4_meas=95% (19/20) | Q@k†: last=25.9%  mean=24.3%

  Latest vulnerable trial 030: def4_meas=True  Q@k†=28.8%  R:20→60 Mbps  elapsed=328s

  Latest defended trial 020: def4_meas=True  Q@k†=25.9%  R:20→30 Mbps  elapsed=272s
=================================================================

=================================================================
  WAVE 1 STATUS  08:09:44 IST
=================================================================
  Queue position : INFO    [exp11_posthoc] FINISHED OK in 1 min
  tc rate (lo)   : 20.00 Mbps  →  agent AMBR ≈ ~20 Mbps

  vulnerable: 30/30 trials | def4_meas=100% (30/30) | Q@k†: last=28.8%  mean=28.4%
  defended  : 21/30 trials | def4_meas=95% (20/21) | Q@k†: last=24.3%  mean=24.3%

  Latest vulnerable trial 030: def4_meas=True  Q@k†=28.8%  R:20→60 Mbps  elapsed=328s

  Latest defended trial 021: def4_meas=True  Q@k†=24.3%  R:20→30 Mbps  elapsed=290s
=================================================================

=================================================================
  WAVE 1 STATUS  08:10:44 IST
=================================================================
  Queue position : INFO    [exp11_posthoc] FINISHED OK in 1 min
  tc rate (lo)   : 20.00 Mbps  →  agent AMBR ≈ ~20 Mbps

  vulnerable: 30/30 trials | def4_meas=100% (30/30) | Q@k†: last=28.8%  mean=28.4%
  defended  : 21/30 trials | def4_meas=95% (20/21) | Q@k†: last=24.3%  mean=24.3%

  Latest vulnerable trial 030: def4_meas=True  Q@k†=28.8%  R:20→60 Mbps  elapsed=328s

  Latest defended trial 021: def4_meas=True  Q@k†=24.3%  R:20→30 Mbps  elapsed=290s
=================================================================

=================================================================
  WAVE 1 STATUS  08:11:44 IST
=================================================================
  Queue position : INFO    [exp11_posthoc] FINISHED OK in 1 min
  tc rate (lo)   : 20.00 Mbps  →  agent AMBR ≈ ~20 Mbps

  vulnerable: 30/30 trials | def4_meas=100% (30/30) | Q@k†: last=28.8%  mean=28.4%
  defended  : 21/30 trials | def4_meas=95% (20/21) | Q@k†: last=24.3%  mean=24.3%

  Latest vulnerable trial 030: def4_meas=True  Q@k†=28.8%  R:20→60 Mbps  elapsed=328s

  Latest defended trial 021: def4_meas=True  Q@k†=24.3%  R:20→30 Mbps  elapsed=290s
=================================================================

=================================================================
  WAVE 1 STATUS  08:12:44 IST
=================================================================
  Queue position : INFO    [exp11_posthoc] FINISHED OK in 1 min
  tc rate (lo)   : 13.33 Mbps  →  agent AMBR ≈ ~30 Mbps

  vulnerable: 30/30 trials | def4_meas=100% (30/30) | Q@k†: last=28.8%  mean=28.4%
  defended  : 21/30 trials | def4_meas=95% (20/21) | Q@k†: last=24.3%  mean=24.3%

  Latest vulnerable trial 030: def4_meas=True  Q@k†=28.8%  R:20→60 Mbps  elapsed=328s

  Latest defended trial 021: def4_meas=True  Q@k†=24.3%  R:20→30 Mbps  elapsed=290s
=================================================================

=================================================================
  WAVE 1 STATUS  08:13:44 IST
=================================================================
  Queue position : INFO    [exp11_posthoc] FINISHED OK in 1 min
  tc rate (lo)   : 13.33 Mbps  →  agent AMBR ≈ ~30 Mbps

  vulnerable: 30/30 trials | def4_meas=100% (30/30) | Q@k†: last=28.8%  mean=28.4%
  defended  : 21/30 trials | def4_meas=95% (20/21) | Q@k†: last=24.3%  mean=24.3%

  Latest vulnerable trial 030: def4_meas=True  Q@k†=28.8%  R:20→60 Mbps  elapsed=328s

  Latest defended trial 021: def4_meas=True  Q@k†=24.3%  R:20→30 Mbps  elapsed=290s
=================================================================

=================================================================
  WAVE 1 STATUS  08:14:44 IST
=================================================================
  Queue position : INFO    [exp11_posthoc] FINISHED OK in 1 min
  tc rate (lo)   : 20.00 Mbps  →  agent AMBR ≈ ~20 Mbps

  vulnerable: 30/30 trials | def4_meas=100% (30/30) | Q@k†: last=28.8%  mean=28.4%
  defended  : 22/30 trials | def4_meas=95% (21/22) | Q@k†: last=22.6%  mean=24.3%

  Latest vulnerable trial 030: def4_meas=True  Q@k†=28.8%  R:20→60 Mbps  elapsed=328s

  Latest defended trial 022: def4_meas=True  Q@k†=22.6%  R:20→30 Mbps  elapsed=265s
=================================================================

=================================================================
  WAVE 1 STATUS  08:15:44 IST
=================================================================
  Queue position : INFO    [exp11_posthoc] FINISHED OK in 1 min
  tc rate (lo)   : 20.00 Mbps  →  agent AMBR ≈ ~20 Mbps

  vulnerable: 30/30 trials | def4_meas=100% (30/30) | Q@k†: last=28.8%  mean=28.4%
  defended  : 22/30 trials | def4_meas=95% (21/22) | Q@k†: last=22.6%  mean=24.3%

  Latest vulnerable trial 030: def4_meas=True  Q@k†=28.8%  R:20→60 Mbps  elapsed=328s

  Latest defended trial 022: def4_meas=True  Q@k†=22.6%  R:20→30 Mbps  elapsed=265s
=================================================================

=================================================================
  WAVE 1 STATUS  08:16:44 IST
=================================================================
  Queue position : INFO    [exp11_posthoc] FINISHED OK in 1 min
  tc rate (lo)   : 13.33 Mbps  →  agent AMBR ≈ ~30 Mbps

  vulnerable: 30/30 trials | def4_meas=100% (30/30) | Q@k†: last=28.8%  mean=28.4%
  defended  : 22/30 trials | def4_meas=95% (21/22) | Q@k†: last=22.6%  mean=24.3%

  Latest vulnerable trial 030: def4_meas=True  Q@k†=28.8%  R:20→60 Mbps  elapsed=328s

  Latest defended trial 022: def4_meas=True  Q@k†=22.6%  R:20→30 Mbps  elapsed=265s
=================================================================

=================================================================
  WAVE 1 STATUS  08:17:44 IST
=================================================================
  Queue position : INFO    [exp11_posthoc] FINISHED OK in 1 min
  tc rate (lo)   : 13.33 Mbps  →  agent AMBR ≈ ~30 Mbps

  vulnerable: 30/30 trials | def4_meas=100% (30/30) | Q@k†: last=28.8%  mean=28.4%
  defended  : 22/30 trials | def4_meas=95% (21/22) | Q@k†: last=22.6%  mean=24.3%

  Latest vulnerable trial 030: def4_meas=True  Q@k†=28.8%  R:20→60 Mbps  elapsed=328s

  Latest defended trial 022: def4_meas=True  Q@k†=22.6%  R:20→30 Mbps  elapsed=265s
=================================================================

=================================================================
  WAVE 1 STATUS  08:18:44 IST
=================================================================
  Queue position : INFO    [exp11_posthoc] FINISHED OK in 1 min
  tc rate (lo)   : 13.33 Mbps  →  agent AMBR ≈ ~30 Mbps

  vulnerable: 30/30 trials | def4_meas=100% (30/30) | Q@k†: last=28.8%  mean=28.4%
  defended  : 22/30 trials | def4_meas=95% (21/22) | Q@k†: last=22.6%  mean=24.3%

  Latest vulnerable trial 030: def4_meas=True  Q@k†=28.8%  R:20→60 Mbps  elapsed=328s

  Latest defended trial 022: def4_meas=True  Q@k†=22.6%  R:20→30 Mbps  elapsed=265s
=================================================================

=================================================================
  WAVE 1 STATUS  08:19:44 IST
=================================================================
  Queue position : INFO    [exp11_posthoc] FINISHED OK in 1 min
  tc rate (lo)   : 13.33 Mbps  →  agent AMBR ≈ ~30 Mbps

  vulnerable: 30/30 trials | def4_meas=100% (30/30) | Q@k†: last=28.8%  mean=28.4%
  defended  : 23/30 trials | def4_meas=96% (22/23) | Q@k†: last=27.1%  mean=24.4%

  Latest vulnerable trial 030: def4_meas=True  Q@k†=28.8%  R:20→60 Mbps  elapsed=328s

  Latest defended trial 023: def4_meas=True  Q@k†=27.1%  R:20→30 Mbps  elapsed=290s
=================================================================

=================================================================
  WAVE 1 STATUS  08:20:44 IST
=================================================================
  Queue position : INFO    [exp11_posthoc] FINISHED OK in 1 min
  tc rate (lo)   : 20.00 Mbps  →  agent AMBR ≈ ~20 Mbps

  vulnerable: 30/30 trials | def4_meas=100% (30/30) | Q@k†: last=28.8%  mean=28.4%
  defended  : 23/30 trials | def4_meas=96% (22/23) | Q@k†: last=27.1%  mean=24.4%

  Latest vulnerable trial 030: def4_meas=True  Q@k†=28.8%  R:20→60 Mbps  elapsed=328s

  Latest defended trial 023: def4_meas=True  Q@k†=27.1%  R:20→30 Mbps  elapsed=290s
=================================================================

=================================================================
  WAVE 1 STATUS  08:21:44 IST
=================================================================
  Queue position : INFO    [exp11_posthoc] FINISHED OK in 1 min
  tc rate (lo)   : 20.00 Mbps  →  agent AMBR ≈ ~20 Mbps

  vulnerable: 30/30 trials | def4_meas=100% (30/30) | Q@k†: last=28.8%  mean=28.4%
  defended  : 23/30 trials | def4_meas=96% (22/23) | Q@k†: last=27.1%  mean=24.4%

  Latest vulnerable trial 030: def4_meas=True  Q@k†=28.8%  R:20→60 Mbps  elapsed=328s

  Latest defended trial 023: def4_meas=True  Q@k†=27.1%  R:20→30 Mbps  elapsed=290s
=================================================================

=================================================================
  WAVE 1 STATUS  08:22:44 IST
=================================================================
  Queue position : INFO    [exp11_posthoc] FINISHED OK in 1 min
  tc rate (lo)   : 13.33 Mbps  →  agent AMBR ≈ ~30 Mbps

  vulnerable: 30/30 trials | def4_meas=100% (30/30) | Q@k†: last=28.8%  mean=28.4%
  defended  : 23/30 trials | def4_meas=96% (22/23) | Q@k†: last=27.1%  mean=24.4%

  Latest vulnerable trial 030: def4_meas=True  Q@k†=28.8%  R:20→60 Mbps  elapsed=328s

  Latest defended trial 023: def4_meas=True  Q@k†=27.1%  R:20→30 Mbps  elapsed=290s
=================================================================

=================================================================
  WAVE 1 STATUS  08:23:44 IST
=================================================================
  Queue position : INFO    [exp11_posthoc] FINISHED OK in 1 min
  tc rate (lo)   : 13.33 Mbps  →  agent AMBR ≈ ~30 Mbps

  vulnerable: 30/30 trials | def4_meas=100% (30/30) | Q@k†: last=28.8%  mean=28.4%
  defended  : 23/30 trials | def4_meas=96% (22/23) | Q@k†: last=27.1%  mean=24.4%

  Latest vulnerable trial 030: def4_meas=True  Q@k†=28.8%  R:20→60 Mbps  elapsed=328s

  Latest defended trial 023: def4_meas=True  Q@k†=27.1%  R:20→30 Mbps  elapsed=290s
=================================================================

=================================================================
  WAVE 1 STATUS  08:24:44 IST
=================================================================
  Queue position : INFO    [exp11_posthoc] FINISHED OK in 1 min
  tc rate (lo)   : 13.33 Mbps  →  agent AMBR ≈ ~30 Mbps

  vulnerable: 30/30 trials | def4_meas=100% (30/30) | Q@k†: last=28.8%  mean=28.4%
  defended  : 23/30 trials | def4_meas=96% (22/23) | Q@k†: last=27.1%  mean=24.4%

  Latest vulnerable trial 030: def4_meas=True  Q@k†=28.8%  R:20→60 Mbps  elapsed=328s

  Latest defended trial 023: def4_meas=True  Q@k†=27.1%  R:20→30 Mbps  elapsed=290s
=================================================================

=================================================================
  WAVE 1 STATUS  08:25:44 IST
=================================================================
  Queue position : INFO    [exp11_posthoc] FINISHED OK in 1 min
  tc rate (lo)   : 20.00 Mbps  →  agent AMBR ≈ ~20 Mbps

  vulnerable: 30/30 trials | def4_meas=100% (30/30) | Q@k†: last=28.8%  mean=28.4%
  defended  : 24/30 trials | def4_meas=96% (23/24) | Q@k†: last=18.0%  mean=24.1%

  Latest vulnerable trial 030: def4_meas=True  Q@k†=28.8%  R:20→60 Mbps  elapsed=328s

  Latest defended trial 024: def4_meas=True  Q@k†=18.0%  R:20→30 Mbps  elapsed=278s
=================================================================

=================================================================
  WAVE 1 STATUS  08:26:44 IST
=================================================================
  Queue position : INFO    [exp11_posthoc] FINISHED OK in 1 min
  tc rate (lo)   : 20.00 Mbps  →  agent AMBR ≈ ~20 Mbps

  vulnerable: 30/30 trials | def4_meas=100% (30/30) | Q@k†: last=28.8%  mean=28.4%
  defended  : 24/30 trials | def4_meas=96% (23/24) | Q@k†: last=18.0%  mean=24.1%

  Latest vulnerable trial 030: def4_meas=True  Q@k†=28.8%  R:20→60 Mbps  elapsed=328s

  Latest defended trial 024: def4_meas=True  Q@k†=18.0%  R:20→30 Mbps  elapsed=278s
=================================================================

=================================================================
  WAVE 1 STATUS  08:27:44 IST
=================================================================
  Queue position : INFO    [exp11_posthoc] FINISHED OK in 1 min
  tc rate (lo)   : 20.00 Mbps  →  agent AMBR ≈ ~20 Mbps

  vulnerable: 30/30 trials | def4_meas=100% (30/30) | Q@k†: last=28.8%  mean=28.4%
  defended  : 24/30 trials | def4_meas=96% (23/24) | Q@k†: last=18.0%  mean=24.1%

  Latest vulnerable trial 030: def4_meas=True  Q@k†=28.8%  R:20→60 Mbps  elapsed=328s

  Latest defended trial 024: def4_meas=True  Q@k†=18.0%  R:20→30 Mbps  elapsed=278s
=================================================================

=================================================================
  WAVE 1 STATUS  08:28:44 IST
=================================================================
  Queue position : INFO    [exp11_posthoc] FINISHED OK in 1 min
  tc rate (lo)   : 20.00 Mbps  →  agent AMBR ≈ ~20 Mbps

  vulnerable: 30/30 trials | def4_meas=100% (30/30) | Q@k†: last=28.8%  mean=28.4%
  defended  : 24/30 trials | def4_meas=96% (23/24) | Q@k†: last=18.0%  mean=24.1%

  Latest vulnerable trial 030: def4_meas=True  Q@k†=28.8%  R:20→60 Mbps  elapsed=328s

  Latest defended trial 024: def4_meas=True  Q@k†=18.0%  R:20→30 Mbps  elapsed=278s
=================================================================

=================================================================
  WAVE 1 STATUS  08:29:44 IST
=================================================================
  Queue position : INFO    [exp11_posthoc] FINISHED OK in 1 min
  tc rate (lo)   : 13.33 Mbps  →  agent AMBR ≈ ~30 Mbps

  vulnerable: 30/30 trials | def4_meas=100% (30/30) | Q@k†: last=28.8%  mean=28.4%
  defended  : 24/30 trials | def4_meas=96% (23/24) | Q@k†: last=18.0%  mean=24.1%

  Latest vulnerable trial 030: def4_meas=True  Q@k†=28.8%  R:20→60 Mbps  elapsed=328s

  Latest defended trial 024: def4_meas=True  Q@k†=18.0%  R:20→30 Mbps  elapsed=278s
=================================================================

=================================================================
  WAVE 1 STATUS  08:30:44 IST
=================================================================
  Queue position : INFO    [exp11_posthoc] FINISHED OK in 1 min
  tc rate (lo)   : 20.00 Mbps  →  agent AMBR ≈ ~20 Mbps

  vulnerable: 30/30 trials | def4_meas=100% (30/30) | Q@k†: last=28.8%  mean=28.4%
  defended  : 25/30 trials | def4_meas=96% (24/25) | Q@k†: last=16.8%  mean=23.8%

  Latest vulnerable trial 030: def4_meas=True  Q@k†=28.8%  R:20→60 Mbps  elapsed=328s

  Latest defended trial 025: def4_meas=True  Q@k†=16.8%  R:20→30 Mbps  elapsed=268s
=================================================================

=================================================================
  WAVE 1 STATUS  08:31:44 IST
=================================================================
  Queue position : INFO    [exp11_posthoc] FINISHED OK in 1 min
  tc rate (lo)   : 20.00 Mbps  →  agent AMBR ≈ ~20 Mbps

  vulnerable: 30/30 trials | def4_meas=100% (30/30) | Q@k†: last=28.8%  mean=28.4%
  defended  : 25/30 trials | def4_meas=96% (24/25) | Q@k†: last=16.8%  mean=23.8%

  Latest vulnerable trial 030: def4_meas=True  Q@k†=28.8%  R:20→60 Mbps  elapsed=328s

  Latest defended trial 025: def4_meas=True  Q@k†=16.8%  R:20→30 Mbps  elapsed=268s
=================================================================

=================================================================
  WAVE 1 STATUS  08:32:44 IST
=================================================================
  Queue position : INFO    [exp11_posthoc] FINISHED OK in 1 min
  tc rate (lo)   : 20.00 Mbps  →  agent AMBR ≈ ~20 Mbps

  vulnerable: 30/30 trials | def4_meas=100% (30/30) | Q@k†: last=28.8%  mean=28.4%
  defended  : 25/30 trials | def4_meas=96% (24/25) | Q@k†: last=16.8%  mean=23.8%

  Latest vulnerable trial 030: def4_meas=True  Q@k†=28.8%  R:20→60 Mbps  elapsed=328s

  Latest defended trial 025: def4_meas=True  Q@k†=16.8%  R:20→30 Mbps  elapsed=268s
=================================================================

=================================================================
  WAVE 1 STATUS  08:33:44 IST
=================================================================
  Queue position : INFO    [exp11_posthoc] FINISHED OK in 1 min
  tc rate (lo)   : 13.33 Mbps  →  agent AMBR ≈ ~30 Mbps

  vulnerable: 30/30 trials | def4_meas=100% (30/30) | Q@k†: last=28.8%  mean=28.4%
  defended  : 25/30 trials | def4_meas=96% (24/25) | Q@k†: last=16.8%  mean=23.8%

  Latest vulnerable trial 030: def4_meas=True  Q@k†=28.8%  R:20→60 Mbps  elapsed=328s

  Latest defended trial 025: def4_meas=True  Q@k†=16.8%  R:20→30 Mbps  elapsed=268s
=================================================================

=================================================================
  WAVE 1 STATUS  08:34:44 IST
=================================================================
  Queue position : INFO    [exp11_posthoc] FINISHED OK in 1 min
  tc rate (lo)   : 13.33 Mbps  →  agent AMBR ≈ ~30 Mbps

  vulnerable: 30/30 trials | def4_meas=100% (30/30) | Q@k†: last=28.8%  mean=28.4%
  defended  : 25/30 trials | def4_meas=96% (24/25) | Q@k†: last=16.8%  mean=23.8%

  Latest vulnerable trial 030: def4_meas=True  Q@k†=28.8%  R:20→60 Mbps  elapsed=328s

  Latest defended trial 025: def4_meas=True  Q@k†=16.8%  R:20→30 Mbps  elapsed=268s
=================================================================

=================================================================
  WAVE 1 STATUS  08:35:45 IST
=================================================================
  Queue position : INFO    [exp11_posthoc] FINISHED OK in 1 min
  tc rate (lo)   : 13.33 Mbps  →  agent AMBR ≈ ~30 Mbps

  vulnerable: 30/30 trials | def4_meas=100% (30/30) | Q@k†: last=28.8%  mean=28.4%
  defended  : 25/30 trials | def4_meas=96% (24/25) | Q@k†: last=16.8%  mean=23.8%

  Latest vulnerable trial 030: def4_meas=True  Q@k†=28.8%  R:20→60 Mbps  elapsed=328s

  Latest defended trial 025: def4_meas=True  Q@k†=16.8%  R:20→30 Mbps  elapsed=268s
=================================================================

=================================================================
  WAVE 1 STATUS  08:36:45 IST
=================================================================
  Queue position : INFO    [exp11_posthoc] FINISHED OK in 1 min
  tc rate (lo)   : 20.00 Mbps  →  agent AMBR ≈ ~20 Mbps

  vulnerable: 30/30 trials | def4_meas=100% (30/30) | Q@k†: last=28.8%  mean=28.4%
  defended  : 26/30 trials | def4_meas=96% (25/26) | Q@k†: last=25.1%  mean=23.9%

  Latest vulnerable trial 030: def4_meas=True  Q@k†=28.8%  R:20→60 Mbps  elapsed=328s

  Latest defended trial 026: def4_meas=True  Q@k†=25.1%  R:20→30 Mbps  elapsed=301s
=================================================================

=================================================================
  WAVE 1 STATUS  08:37:45 IST
=================================================================
  Queue position : INFO    [exp11_posthoc] FINISHED OK in 1 min
  tc rate (lo)   : 20.00 Mbps  →  agent AMBR ≈ ~20 Mbps

  vulnerable: 30/30 trials | def4_meas=100% (30/30) | Q@k†: last=28.8%  mean=28.4%
  defended  : 26/30 trials | def4_meas=96% (25/26) | Q@k†: last=25.1%  mean=23.9%

  Latest vulnerable trial 030: def4_meas=True  Q@k†=28.8%  R:20→60 Mbps  elapsed=328s

  Latest defended trial 026: def4_meas=True  Q@k†=25.1%  R:20→30 Mbps  elapsed=301s
=================================================================

=================================================================
  WAVE 1 STATUS  08:38:45 IST
=================================================================
  Queue position : INFO    [exp11_posthoc] FINISHED OK in 1 min
  tc rate (lo)   : 20.00 Mbps  →  agent AMBR ≈ ~20 Mbps

  vulnerable: 30/30 trials | def4_meas=100% (30/30) | Q@k†: last=28.8%  mean=28.4%
  defended  : 26/30 trials | def4_meas=96% (25/26) | Q@k†: last=25.1%  mean=23.9%

  Latest vulnerable trial 030: def4_meas=True  Q@k†=28.8%  R:20→60 Mbps  elapsed=328s

  Latest defended trial 026: def4_meas=True  Q@k†=25.1%  R:20→30 Mbps  elapsed=301s
=================================================================

=================================================================
  WAVE 1 STATUS  08:39:45 IST
=================================================================
  Queue position : INFO    [exp11_posthoc] FINISHED OK in 1 min
  tc rate (lo)   : 13.33 Mbps  →  agent AMBR ≈ ~30 Mbps

  vulnerable: 30/30 trials | def4_meas=100% (30/30) | Q@k†: last=28.8%  mean=28.4%
  defended  : 26/30 trials | def4_meas=96% (25/26) | Q@k†: last=25.1%  mean=23.9%

  Latest vulnerable trial 030: def4_meas=True  Q@k†=28.8%  R:20→60 Mbps  elapsed=328s

  Latest defended trial 026: def4_meas=True  Q@k†=25.1%  R:20→30 Mbps  elapsed=301s
=================================================================

=================================================================
  WAVE 1 STATUS  08:40:45 IST
=================================================================
  Queue position : INFO    [exp11_posthoc] FINISHED OK in 1 min
  tc rate (lo)   : 13.33 Mbps  →  agent AMBR ≈ ~30 Mbps

  vulnerable: 30/30 trials | def4_meas=100% (30/30) | Q@k†: last=28.8%  mean=28.4%
  defended  : 26/30 trials | def4_meas=96% (25/26) | Q@k†: last=25.1%  mean=23.9%

  Latest vulnerable trial 030: def4_meas=True  Q@k†=28.8%  R:20→60 Mbps  elapsed=328s

  Latest defended trial 026: def4_meas=True  Q@k†=25.1%  R:20→30 Mbps  elapsed=301s
=================================================================

=================================================================
  WAVE 1 STATUS  08:41:45 IST
=================================================================
  Queue position : INFO    [exp11_posthoc] FINISHED OK in 1 min
  tc rate (lo)   : 13.33 Mbps  →  agent AMBR ≈ ~30 Mbps

  vulnerable: 30/30 trials | def4_meas=100% (30/30) | Q@k†: last=28.8%  mean=28.4%
  defended  : 27/30 trials | def4_meas=96% (26/27) | Q@k†: last=23.3%  mean=23.8%

  Latest vulnerable trial 030: def4_meas=True  Q@k†=28.8%  R:20→60 Mbps  elapsed=328s

  Latest defended trial 027: def4_meas=True  Q@k†=23.3%  R:20→30 Mbps  elapsed=272s
=================================================================

=================================================================
  WAVE 1 STATUS  08:42:45 IST
=================================================================
  Queue position : INFO    [exp11_posthoc] FINISHED OK in 1 min
  tc rate (lo)   : 20.00 Mbps  →  agent AMBR ≈ ~20 Mbps

  vulnerable: 30/30 trials | def4_meas=100% (30/30) | Q@k†: last=28.8%  mean=28.4%
  defended  : 27/30 trials | def4_meas=96% (26/27) | Q@k†: last=23.3%  mean=23.8%

  Latest vulnerable trial 030: def4_meas=True  Q@k†=28.8%  R:20→60 Mbps  elapsed=328s

  Latest defended trial 027: def4_meas=True  Q@k†=23.3%  R:20→30 Mbps  elapsed=272s
=================================================================

=================================================================
  WAVE 1 STATUS  08:43:45 IST
=================================================================
  Queue position : INFO    [exp11_posthoc] FINISHED OK in 1 min
  tc rate (lo)   : 20.00 Mbps  →  agent AMBR ≈ ~20 Mbps

  vulnerable: 30/30 trials | def4_meas=100% (30/30) | Q@k†: last=28.8%  mean=28.4%
  defended  : 27/30 trials | def4_meas=96% (26/27) | Q@k†: last=23.3%  mean=23.8%

  Latest vulnerable trial 030: def4_meas=True  Q@k†=28.8%  R:20→60 Mbps  elapsed=328s

  Latest defended trial 027: def4_meas=True  Q@k†=23.3%  R:20→30 Mbps  elapsed=272s
=================================================================

=================================================================
  WAVE 1 STATUS  08:44:45 IST
=================================================================
  Queue position : INFO    [exp11_posthoc] FINISHED OK in 1 min
  tc rate (lo)   : 20.00 Mbps  →  agent AMBR ≈ ~20 Mbps

  vulnerable: 30/30 trials | def4_meas=100% (30/30) | Q@k†: last=28.8%  mean=28.4%
  defended  : 27/30 trials | def4_meas=96% (26/27) | Q@k†: last=23.3%  mean=23.8%

  Latest vulnerable trial 030: def4_meas=True  Q@k†=28.8%  R:20→60 Mbps  elapsed=328s

  Latest defended trial 027: def4_meas=True  Q@k†=23.3%  R:20→30 Mbps  elapsed=272s
=================================================================

=================================================================
  WAVE 1 STATUS  08:45:45 IST
=================================================================
  Queue position : INFO    [exp11_posthoc] FINISHED OK in 1 min
  tc rate (lo)   : 20.00 Mbps  →  agent AMBR ≈ ~20 Mbps

  vulnerable: 30/30 trials | def4_meas=100% (30/30) | Q@k†: last=28.8%  mean=28.4%
  defended  : 27/30 trials | def4_meas=96% (26/27) | Q@k†: last=23.3%  mean=23.8%

  Latest vulnerable trial 030: def4_meas=True  Q@k†=28.8%  R:20→60 Mbps  elapsed=328s

  Latest defended trial 027: def4_meas=True  Q@k†=23.3%  R:20→30 Mbps  elapsed=272s
=================================================================

=================================================================
  WAVE 1 STATUS  08:46:45 IST
=================================================================
  Queue position : INFO    [exp11_posthoc] FINISHED OK in 1 min
  tc rate (lo)   : 13.33 Mbps  →  agent AMBR ≈ ~30 Mbps

  vulnerable: 30/30 trials | def4_meas=100% (30/30) | Q@k†: last=28.8%  mean=28.4%
  defended  : 27/30 trials | def4_meas=96% (26/27) | Q@k†: last=23.3%  mean=23.8%

  Latest vulnerable trial 030: def4_meas=True  Q@k†=28.8%  R:20→60 Mbps  elapsed=328s

  Latest defended trial 027: def4_meas=True  Q@k†=23.3%  R:20→30 Mbps  elapsed=272s
=================================================================

=================================================================
  WAVE 1 STATUS  08:47:45 IST
=================================================================
  Queue position : INFO    [exp11_posthoc] FINISHED OK in 1 min
  tc rate (lo)   : 20.00 Mbps  →  agent AMBR ≈ ~20 Mbps

  vulnerable: 30/30 trials | def4_meas=100% (30/30) | Q@k†: last=28.8%  mean=28.4%
  defended  : 28/30 trials | def4_meas=96% (27/28) | Q@k†: last=24.2%  mean=23.8%

  Latest vulnerable trial 030: def4_meas=True  Q@k†=28.8%  R:20→60 Mbps  elapsed=328s

  Latest defended trial 028: def4_meas=True  Q@k†=24.2%  R:20→30 Mbps  elapsed=271s
=================================================================

=================================================================
  WAVE 1 STATUS  08:48:45 IST
=================================================================
  Queue position : INFO    [exp11_posthoc] FINISHED OK in 1 min
  tc rate (lo)   : 20.00 Mbps  →  agent AMBR ≈ ~20 Mbps

  vulnerable: 30/30 trials | def4_meas=100% (30/30) | Q@k†: last=28.8%  mean=28.4%
  defended  : 28/30 trials | def4_meas=96% (27/28) | Q@k†: last=24.2%  mean=23.8%

  Latest vulnerable trial 030: def4_meas=True  Q@k†=28.8%  R:20→60 Mbps  elapsed=328s

  Latest defended trial 028: def4_meas=True  Q@k†=24.2%  R:20→30 Mbps  elapsed=271s
=================================================================

=================================================================
  WAVE 1 STATUS  08:49:45 IST
=================================================================
  Queue position : INFO    [exp11_posthoc] FINISHED OK in 1 min
  tc rate (lo)   : 20.00 Mbps  →  agent AMBR ≈ ~20 Mbps

  vulnerable: 30/30 trials | def4_meas=100% (30/30) | Q@k†: last=28.8%  mean=28.4%
  defended  : 28/30 trials | def4_meas=96% (27/28) | Q@k†: last=24.2%  mean=23.8%

  Latest vulnerable trial 030: def4_meas=True  Q@k†=28.8%  R:20→60 Mbps  elapsed=328s

  Latest defended trial 028: def4_meas=True  Q@k†=24.2%  R:20→30 Mbps  elapsed=271s
=================================================================

=================================================================
  WAVE 1 STATUS  08:50:45 IST
=================================================================
  Queue position : INFO    [exp11_posthoc] FINISHED OK in 1 min
  tc rate (lo)   : 13.33 Mbps  →  agent AMBR ≈ ~30 Mbps

  vulnerable: 30/30 trials | def4_meas=100% (30/30) | Q@k†: last=28.8%  mean=28.4%
  defended  : 28/30 trials | def4_meas=96% (27/28) | Q@k†: last=24.2%  mean=23.8%

  Latest vulnerable trial 030: def4_meas=True  Q@k†=28.8%  R:20→60 Mbps  elapsed=328s

  Latest defended trial 028: def4_meas=True  Q@k†=24.2%  R:20→30 Mbps  elapsed=271s
=================================================================

=================================================================
  WAVE 1 STATUS  08:51:45 IST
=================================================================
  Queue position : INFO    [exp11_posthoc] FINISHED OK in 1 min
  tc rate (lo)   : 13.33 Mbps  →  agent AMBR ≈ ~30 Mbps

  vulnerable: 30/30 trials | def4_meas=100% (30/30) | Q@k†: last=28.8%  mean=28.4%
  defended  : 28/30 trials | def4_meas=96% (27/28) | Q@k†: last=24.2%  mean=23.8%

  Latest vulnerable trial 030: def4_meas=True  Q@k†=28.8%  R:20→60 Mbps  elapsed=328s

  Latest defended trial 028: def4_meas=True  Q@k†=24.2%  R:20→30 Mbps  elapsed=271s
=================================================================

=================================================================
  WAVE 1 STATUS  08:52:45 IST
=================================================================
  Queue position : INFO    [exp11_posthoc] FINISHED OK in 1 min
  tc rate (lo)   : 13.33 Mbps  →  agent AMBR ≈ ~30 Mbps

  vulnerable: 30/30 trials | def4_meas=100% (30/30) | Q@k†: last=28.8%  mean=28.4%
  defended  : 29/30 trials | def4_meas=97% (28/29) | Q@k†: last=25.9%  mean=23.9%

  Latest vulnerable trial 030: def4_meas=True  Q@k†=28.8%  R:20→60 Mbps  elapsed=328s

  Latest defended trial 029: def4_meas=True  Q@k†=25.9%  R:20→30 Mbps  elapsed=288s
=================================================================

=================================================================
  WAVE 1 STATUS  08:53:45 IST
=================================================================
  Queue position : INFO    [exp11_posthoc] FINISHED OK in 1 min
  tc rate (lo)   : 20.00 Mbps  →  agent AMBR ≈ ~20 Mbps

  vulnerable: 30/30 trials | def4_meas=100% (30/30) | Q@k†: last=28.8%  mean=28.4%
  defended  : 29/30 trials | def4_meas=97% (28/29) | Q@k†: last=25.9%  mean=23.9%

  Latest vulnerable trial 030: def4_meas=True  Q@k†=28.8%  R:20→60 Mbps  elapsed=328s

  Latest defended trial 029: def4_meas=True  Q@k†=25.9%  R:20→30 Mbps  elapsed=288s
=================================================================

=================================================================
  WAVE 1 STATUS  08:54:45 IST
=================================================================
  Queue position : INFO    [exp11_posthoc] FINISHED OK in 1 min
  tc rate (lo)   : 20.00 Mbps  →  agent AMBR ≈ ~20 Mbps

  vulnerable: 30/30 trials | def4_meas=100% (30/30) | Q@k†: last=28.8%  mean=28.4%
  defended  : 29/30 trials | def4_meas=97% (28/29) | Q@k†: last=25.9%  mean=23.9%

  Latest vulnerable trial 030: def4_meas=True  Q@k†=28.8%  R:20→60 Mbps  elapsed=328s

  Latest defended trial 029: def4_meas=True  Q@k†=25.9%  R:20→30 Mbps  elapsed=288s
=================================================================

=================================================================
  WAVE 1 STATUS  08:55:45 IST
=================================================================
  Queue position : INFO    [exp11_posthoc] FINISHED OK in 1 min
  tc rate (lo)   : 13.33 Mbps  →  agent AMBR ≈ ~30 Mbps

  vulnerable: 30/30 trials | def4_meas=100% (30/30) | Q@k†: last=28.8%  mean=28.4%
  defended  : 29/30 trials | def4_meas=97% (28/29) | Q@k†: last=25.9%  mean=23.9%

  Latest vulnerable trial 030: def4_meas=True  Q@k†=28.8%  R:20→60 Mbps  elapsed=328s

  Latest defended trial 029: def4_meas=True  Q@k†=25.9%  R:20→30 Mbps  elapsed=288s
=================================================================

=================================================================
  WAVE 1 STATUS  08:56:45 IST
=================================================================
  Queue position : INFO    [exp11_posthoc] FINISHED OK in 1 min
  tc rate (lo)   : 13.33 Mbps  →  agent AMBR ≈ ~30 Mbps

  vulnerable: 30/30 trials | def4_meas=100% (30/30) | Q@k†: last=28.8%  mean=28.4%
  defended  : 29/30 trials | def4_meas=97% (28/29) | Q@k†: last=25.9%  mean=23.9%

  Latest vulnerable trial 030: def4_meas=True  Q@k†=28.8%  R:20→60 Mbps  elapsed=328s

  Latest defended trial 029: def4_meas=True  Q@k†=25.9%  R:20→30 Mbps  elapsed=288s
=================================================================

=================================================================
  WAVE 1 STATUS  08:57:45 IST
=================================================================
  Queue position : INFO    [exp11_posthoc] FINISHED OK in 1 min
  tc rate (lo)   : 13.33 Mbps  →  agent AMBR ≈ ~30 Mbps

  vulnerable: 30/30 trials | def4_meas=100% (30/30) | Q@k†: last=28.8%  mean=28.4%
  defended  : 29/30 trials | def4_meas=97% (28/29) | Q@k†: last=25.9%  mean=23.9%

  Latest vulnerable trial 030: def4_meas=True  Q@k†=28.8%  R:20→60 Mbps  elapsed=328s

  Latest defended trial 029: def4_meas=True  Q@k†=25.9%  R:20→30 Mbps  elapsed=288s
=================================================================

=================================================================
  WAVE 1 STATUS  08:58:45 IST
=================================================================
  Queue position : INFO    [exp11_posthoc] FINISHED OK in 1 min
  tc rate (lo)   : N/A  →  agent AMBR ≈ N/A

  vulnerable: 30/30 trials | def4_meas=100% (30/30) | Q@k†: last=28.8%  mean=28.4%
  defended  : 30/30 trials | def4_meas=97% (29/30) | Q@k†: last=25.5%  mean=24.0%

  Latest vulnerable trial 030: def4_meas=True  Q@k†=28.8%  R:20→60 Mbps  elapsed=328s

  Latest defended trial 030: def4_meas=True  Q@k†=25.5%  R:20→30 Mbps  elapsed=278s
=================================================================

=================================================================
  WAVE 1 STATUS  08:59:45 IST
=================================================================
  Queue position : INFO  Starting: exp2_qwen
  tc rate (lo)   : N/A  →  agent AMBR ≈ N/A

  vulnerable: 30/30 trials | def4_meas=100% (30/30) | Q@k†: last=28.8%  mean=28.4%
  defended  : 30/30 trials | def4_meas=97% (29/30) | Q@k†: last=25.5%  mean=24.0%

  Latest vulnerable trial 030: def4_meas=True  Q@k†=28.8%  R:20→60 Mbps  elapsed=328s

  Latest defended trial 030: def4_meas=True  Q@k†=25.5%  R:20→30 Mbps  elapsed=278s
=================================================================

=================================================================
  WAVE 1 STATUS  09:00:45 IST
=================================================================
  Queue position : INFO  Starting: exp2_qwen
  tc rate (lo)   : N/A  →  agent AMBR ≈ N/A

  vulnerable: 30/30 trials | def4_meas=100% (30/30) | Q@k†: last=28.8%  mean=28.4%
  defended  : 30/30 trials | def4_meas=97% (29/30) | Q@k†: last=25.5%  mean=24.0%

  Latest vulnerable trial 030: def4_meas=True  Q@k†=28.8%  R:20→60 Mbps  elapsed=328s

  Latest defended trial 030: def4_meas=True  Q@k†=25.5%  R:20→30 Mbps  elapsed=278s
=================================================================

=================================================================
  WAVE 1 STATUS  09:01:45 IST
=================================================================
  Queue position : INFO  Starting: exp2_qwen
  tc rate (lo)   : N/A  →  agent AMBR ≈ N/A

  vulnerable: 30/30 trials | def4_meas=100% (30/30) | Q@k†: last=28.8%  mean=28.4%
  defended  : 30/30 trials | def4_meas=97% (29/30) | Q@k†: last=25.5%  mean=24.0%

  Latest vulnerable trial 030: def4_meas=True  Q@k†=28.8%  R:20→60 Mbps  elapsed=328s

  Latest defended trial 030: def4_meas=True  Q@k†=25.5%  R:20→30 Mbps  elapsed=278s
=================================================================

=================================================================
  WAVE 1 STATUS  09:02:45 IST
=================================================================
  Queue position : INFO  Starting: exp2_qwen
  tc rate (lo)   : N/A  →  agent AMBR ≈ N/A

  vulnerable: 30/30 trials | def4_meas=100% (30/30) | Q@k†: last=28.8%  mean=28.4%
  defended  : 30/30 trials | def4_meas=97% (29/30) | Q@k†: last=25.5%  mean=24.0%

  Latest vulnerable trial 030: def4_meas=True  Q@k†=28.8%  R:20→60 Mbps  elapsed=328s

  Latest defended trial 030: def4_meas=True  Q@k†=25.5%  R:20→30 Mbps  elapsed=278s
=================================================================

=================================================================
  WAVE 1 STATUS  09:03:45 IST
=================================================================
  Queue position : INFO  Starting: exp2_qwen
  tc rate (lo)   : N/A  →  agent AMBR ≈ N/A

  vulnerable: 30/30 trials | def4_meas=100% (30/30) | Q@k†: last=28.8%  mean=28.4%
  defended  : 30/30 trials | def4_meas=97% (29/30) | Q@k†: last=25.5%  mean=24.0%

  Latest vulnerable trial 030: def4_meas=True  Q@k†=28.8%  R:20→60 Mbps  elapsed=328s

  Latest defended trial 030: def4_meas=True  Q@k†=25.5%  R:20→30 Mbps  elapsed=278s
=================================================================

=================================================================
  WAVE 1 STATUS  09:04:45 IST
=================================================================
  Queue position : INFO  Starting: exp6_phase1
  tc rate (lo)   : N/A  →  agent AMBR ≈ N/A

  vulnerable: 30/30 trials | def4_meas=100% (30/30) | Q@k†: last=28.8%  mean=28.4%
  defended  : 30/30 trials | def4_meas=97% (29/30) | Q@k†: last=25.5%  mean=24.0%

  Latest vulnerable trial 030: def4_meas=True  Q@k†=28.8%  R:20→60 Mbps  elapsed=328s

  Latest defended trial 030: def4_meas=True  Q@k†=25.5%  R:20→30 Mbps  elapsed=278s
=================================================================

=================================================================
  WAVE 1 STATUS  09:05:45 IST
=================================================================
  Queue position : INFO  Starting: exp6_phase1
  tc rate (lo)   : N/A  →  agent AMBR ≈ N/A

  vulnerable: 30/30 trials | def4_meas=100% (30/30) | Q@k†: last=28.8%  mean=28.4%
  defended  : 30/30 trials | def4_meas=97% (29/30) | Q@k†: last=25.5%  mean=24.0%

  Latest vulnerable trial 030: def4_meas=True  Q@k†=28.8%  R:20→60 Mbps  elapsed=328s

  Latest defended trial 030: def4_meas=True  Q@k†=25.5%  R:20→30 Mbps  elapsed=278s
=================================================================

=================================================================
  WAVE 1 STATUS  09:06:45 IST
=================================================================
  Queue position : INFO  Starting: exp6_phase1
  tc rate (lo)   : N/A  →  agent AMBR ≈ N/A

  vulnerable: 30/30 trials | def4_meas=100% (30/30) | Q@k†: last=28.8%  mean=28.4%
  defended  : 30/30 trials | def4_meas=97% (29/30) | Q@k†: last=25.5%  mean=24.0%

  Latest vulnerable trial 030: def4_meas=True  Q@k†=28.8%  R:20→60 Mbps  elapsed=328s

  Latest defended trial 030: def4_meas=True  Q@k†=25.5%  R:20→30 Mbps  elapsed=278s
=================================================================

=================================================================
  WAVE 1 STATUS  09:07:45 IST
=================================================================
  Queue position : INFO  Starting: exp6_phase1
  tc rate (lo)   : N/A  →  agent AMBR ≈ N/A

  vulnerable: 30/30 trials | def4_meas=100% (30/30) | Q@k†: last=28.8%  mean=28.4%
  defended  : 30/30 trials | def4_meas=97% (29/30) | Q@k†: last=25.5%  mean=24.0%

  Latest vulnerable trial 030: def4_meas=True  Q@k†=28.8%  R:20→60 Mbps  elapsed=328s

  Latest defended trial 030: def4_meas=True  Q@k†=25.5%  R:20→30 Mbps  elapsed=278s
=================================================================

=================================================================
  WAVE 1 STATUS  09:08:45 IST
=================================================================
  Queue position : INFO  Starting: exp6_phase1
  tc rate (lo)   : N/A  →  agent AMBR ≈ N/A

  vulnerable: 30/30 trials | def4_meas=100% (30/30) | Q@k†: last=28.8%  mean=28.4%
  defended  : 30/30 trials | def4_meas=97% (29/30) | Q@k†: last=25.5%  mean=24.0%

  Latest vulnerable trial 030: def4_meas=True  Q@k†=28.8%  R:20→60 Mbps  elapsed=328s

  Latest defended trial 030: def4_meas=True  Q@k†=25.5%  R:20→30 Mbps  elapsed=278s
=================================================================

=================================================================
  WAVE 1 STATUS  09:09:45 IST
=================================================================
  Queue position : INFO  Next: as5_sanity
  tc rate (lo)   : N/A  →  agent AMBR ≈ N/A

  vulnerable: 30/30 trials | def4_meas=100% (30/30) | Q@k†: last=28.8%  mean=28.4%
  defended  : 30/30 trials | def4_meas=97% (29/30) | Q@k†: last=25.5%  mean=24.0%

  Latest vulnerable trial 030: def4_meas=True  Q@k†=28.8%  R:20→60 Mbps  elapsed=328s

  Latest defended trial 030: def4_meas=True  Q@k†=25.5%  R:20→30 Mbps  elapsed=278s
=================================================================

=================================================================
  WAVE 1 STATUS  09:10:45 IST
=================================================================
  Queue position : INFO  Next: as5_sanity
  tc rate (lo)   : N/A  →  agent AMBR ≈ N/A

  vulnerable: 30/30 trials | def4_meas=100% (30/30) | Q@k†: last=28.8%  mean=28.4%
  defended  : 30/30 trials | def4_meas=97% (29/30) | Q@k†: last=25.5%  mean=24.0%

  Latest vulnerable trial 030: def4_meas=True  Q@k†=28.8%  R:20→60 Mbps  elapsed=328s

  Latest defended trial 030: def4_meas=True  Q@k†=25.5%  R:20→30 Mbps  elapsed=278s
=================================================================

=================================================================
  WAVE 1 STATUS  09:11:45 IST
=================================================================
  Queue position : INFO  Next: as5_sanity
  tc rate (lo)   : N/A  →  agent AMBR ≈ N/A

  vulnerable: 30/30 trials | def4_meas=100% (30/30) | Q@k†: last=28.8%  mean=28.4%
  defended  : 30/30 trials | def4_meas=97% (29/30) | Q@k†: last=25.5%  mean=24.0%

  Latest vulnerable trial 030: def4_meas=True  Q@k†=28.8%  R:20→60 Mbps  elapsed=328s

  Latest defended trial 030: def4_meas=True  Q@k†=25.5%  R:20→30 Mbps  elapsed=278s
=================================================================

=================================================================
  WAVE 1 STATUS  09:12:45 IST
=================================================================
  Queue position : INFO  Next: as5_sanity
  tc rate (lo)   : N/A  →  agent AMBR ≈ N/A

  vulnerable: 30/30 trials | def4_meas=100% (30/30) | Q@k†: last=28.8%  mean=28.4%
  defended  : 30/30 trials | def4_meas=97% (29/30) | Q@k†: last=25.5%  mean=24.0%

  Latest vulnerable trial 030: def4_meas=True  Q@k†=28.8%  R:20→60 Mbps  elapsed=328s

  Latest defended trial 030: def4_meas=True  Q@k†=25.5%  R:20→30 Mbps  elapsed=278s
=================================================================

=================================================================
  WAVE 1 STATUS  09:13:45 IST
=================================================================
  Queue position : INFO  Next: as5_sanity
  tc rate (lo)   : N/A  →  agent AMBR ≈ N/A

  vulnerable: 30/30 trials | def4_meas=100% (30/30) | Q@k†: last=28.8%  mean=28.4%
  defended  : 30/30 trials | def4_meas=97% (29/30) | Q@k†: last=25.5%  mean=24.0%

  Latest vulnerable trial 030: def4_meas=True  Q@k†=28.8%  R:20→60 Mbps  elapsed=328s

  Latest defended trial 030: def4_meas=True  Q@k†=25.5%  R:20→30 Mbps  elapsed=278s
=================================================================

=================================================================
  WAVE 1 STATUS  09:14:45 IST
=================================================================
  Queue position : INFO  Next: as5_sanity
  tc rate (lo)   : N/A  →  agent AMBR ≈ N/A

  vulnerable: 30/30 trials | def4_meas=100% (30/30) | Q@k†: last=28.8%  mean=28.4%
  defended  : 30/30 trials | def4_meas=97% (29/30) | Q@k†: last=25.5%  mean=24.0%

  Latest vulnerable trial 030: def4_meas=True  Q@k†=28.8%  R:20→60 Mbps  elapsed=328s

  Latest defended trial 030: def4_meas=True  Q@k†=25.5%  R:20→30 Mbps  elapsed=278s
=================================================================

=================================================================
  WAVE 1 STATUS  09:15:45 IST
=================================================================
  Queue position : INFO  Next: as5_sanity
  tc rate (lo)   : N/A  →  agent AMBR ≈ N/A

  vulnerable: 30/30 trials | def4_meas=100% (30/30) | Q@k†: last=28.8%  mean=28.4%
  defended  : 30/30 trials | def4_meas=97% (29/30) | Q@k†: last=25.5%  mean=24.0%

  Latest vulnerable trial 030: def4_meas=True  Q@k†=28.8%  R:20→60 Mbps  elapsed=328s

  Latest defended trial 030: def4_meas=True  Q@k†=25.5%  R:20→30 Mbps  elapsed=278s
=================================================================

=================================================================
  WAVE 1 STATUS  09:16:45 IST
=================================================================
  Queue position : INFO  Next: as5_sanity
  tc rate (lo)   : N/A  →  agent AMBR ≈ N/A

  vulnerable: 30/30 trials | def4_meas=100% (30/30) | Q@k†: last=28.8%  mean=28.4%
  defended  : 30/30 trials | def4_meas=97% (29/30) | Q@k†: last=25.5%  mean=24.0%

  Latest vulnerable trial 030: def4_meas=True  Q@k†=28.8%  R:20→60 Mbps  elapsed=328s

  Latest defended trial 030: def4_meas=True  Q@k†=25.5%  R:20→30 Mbps  elapsed=278s
=================================================================

=================================================================
  WAVE 1 STATUS  09:17:45 IST
=================================================================
  Queue position : INFO  Next: as5_sanity
  tc rate (lo)   : N/A  →  agent AMBR ≈ N/A

  vulnerable: 30/30 trials | def4_meas=100% (30/30) | Q@k†: last=28.8%  mean=28.4%
  defended  : 30/30 trials | def4_meas=97% (29/30) | Q@k†: last=25.5%  mean=24.0%

  Latest vulnerable trial 030: def4_meas=True  Q@k†=28.8%  R:20→60 Mbps  elapsed=328s

  Latest defended trial 030: def4_meas=True  Q@k†=25.5%  R:20→30 Mbps  elapsed=278s
=================================================================

=================================================================
  WAVE 1 STATUS  09:18:45 IST
=================================================================
  Queue position : INFO  Next: as5_sanity
  tc rate (lo)   : N/A  →  agent AMBR ≈ N/A

  vulnerable: 30/30 trials | def4_meas=100% (30/30) | Q@k†: last=28.8%  mean=28.4%
  defended  : 30/30 trials | def4_meas=97% (29/30) | Q@k†: last=25.5%  mean=24.0%

  Latest vulnerable trial 030: def4_meas=True  Q@k†=28.8%  R:20→60 Mbps  elapsed=328s

  Latest defended trial 030: def4_meas=True  Q@k†=25.5%  R:20→30 Mbps  elapsed=278s
=================================================================

=================================================================
  WAVE 1 STATUS  09:19:45 IST
=================================================================
  Queue position : INFO  Next: as5_sanity
  tc rate (lo)   : N/A  →  agent AMBR ≈ N/A

  vulnerable: 30/30 trials | def4_meas=100% (30/30) | Q@k†: last=28.8%  mean=28.4%
  defended  : 30/30 trials | def4_meas=97% (29/30) | Q@k†: last=25.5%  mean=24.0%

  Latest vulnerable trial 030: def4_meas=True  Q@k†=28.8%  R:20→60 Mbps  elapsed=328s

  Latest defended trial 030: def4_meas=True  Q@k†=25.5%  R:20→30 Mbps  elapsed=278s
=================================================================

=================================================================
  WAVE 1 STATUS  09:20:45 IST
=================================================================
  Queue position : INFO  Next: as5_sanity
  tc rate (lo)   : N/A  →  agent AMBR ≈ N/A

  vulnerable: 30/30 trials | def4_meas=100% (30/30) | Q@k†: last=28.8%  mean=28.4%
  defended  : 30/30 trials | def4_meas=97% (29/30) | Q@k†: last=25.5%  mean=24.0%

  Latest vulnerable trial 030: def4_meas=True  Q@k†=28.8%  R:20→60 Mbps  elapsed=328s

  Latest defended trial 030: def4_meas=True  Q@k†=25.5%  R:20→30 Mbps  elapsed=278s
=================================================================

=================================================================
  WAVE 1 STATUS  09:21:45 IST
=================================================================
  Queue position : INFO  Next: as5_sanity
  tc rate (lo)   : N/A  →  agent AMBR ≈ N/A

  vulnerable: 30/30 trials | def4_meas=100% (30/30) | Q@k†: last=28.8%  mean=28.4%
  defended  : 30/30 trials | def4_meas=97% (29/30) | Q@k†: last=25.5%  mean=24.0%

  Latest vulnerable trial 030: def4_meas=True  Q@k†=28.8%  R:20→60 Mbps  elapsed=328s

  Latest defended trial 030: def4_meas=True  Q@k†=25.5%  R:20→30 Mbps  elapsed=278s
=================================================================

=================================================================
  WAVE 1 STATUS  09:22:45 IST
=================================================================
  Queue position : INFO  Next: as5_sanity
  tc rate (lo)   : N/A  →  agent AMBR ≈ N/A

  vulnerable: 30/30 trials | def4_meas=100% (30/30) | Q@k†: last=28.8%  mean=28.4%
  defended  : 30/30 trials | def4_meas=97% (29/30) | Q@k†: last=25.5%  mean=24.0%

  Latest vulnerable trial 030: def4_meas=True  Q@k†=28.8%  R:20→60 Mbps  elapsed=328s

  Latest defended trial 030: def4_meas=True  Q@k†=25.5%  R:20→30 Mbps  elapsed=278s
=================================================================

=================================================================
  WAVE 1 STATUS  09:23:45 IST
=================================================================
  Queue position : INFO  Next: as5_sanity
  tc rate (lo)   : N/A  →  agent AMBR ≈ N/A

  vulnerable: 30/30 trials | def4_meas=100% (30/30) | Q@k†: last=28.8%  mean=28.4%
  defended  : 30/30 trials | def4_meas=97% (29/30) | Q@k†: last=25.5%  mean=24.0%

  Latest vulnerable trial 030: def4_meas=True  Q@k†=28.8%  R:20→60 Mbps  elapsed=328s

  Latest defended trial 030: def4_meas=True  Q@k†=25.5%  R:20→30 Mbps  elapsed=278s
=================================================================

=================================================================
  WAVE 1 STATUS  09:24:45 IST
=================================================================
  Queue position : INFO  Next: as5_sanity
  tc rate (lo)   : N/A  →  agent AMBR ≈ N/A

  vulnerable: 30/30 trials | def4_meas=100% (30/30) | Q@k†: last=28.8%  mean=28.4%
  defended  : 30/30 trials | def4_meas=97% (29/30) | Q@k†: last=25.5%  mean=24.0%

  Latest vulnerable trial 030: def4_meas=True  Q@k†=28.8%  R:20→60 Mbps  elapsed=328s

  Latest defended trial 030: def4_meas=True  Q@k†=25.5%  R:20→30 Mbps  elapsed=278s
=================================================================

=================================================================
  WAVE 1 STATUS  09:25:45 IST
=================================================================
  Queue position : INFO  Next: as5_sanity
  tc rate (lo)   : N/A  →  agent AMBR ≈ N/A

  vulnerable: 30/30 trials | def4_meas=100% (30/30) | Q@k†: last=28.8%  mean=28.4%
  defended  : 30/30 trials | def4_meas=97% (29/30) | Q@k†: last=25.5%  mean=24.0%

  Latest vulnerable trial 030: def4_meas=True  Q@k†=28.8%  R:20→60 Mbps  elapsed=328s

  Latest defended trial 030: def4_meas=True  Q@k†=25.5%  R:20→30 Mbps  elapsed=278s
=================================================================

=================================================================
  WAVE 1 STATUS  09:26:46 IST
=================================================================
  Queue position : INFO  Next: as5_sanity
  tc rate (lo)   : N/A  →  agent AMBR ≈ N/A

  vulnerable: 30/30 trials | def4_meas=100% (30/30) | Q@k†: last=28.8%  mean=28.4%
  defended  : 30/30 trials | def4_meas=97% (29/30) | Q@k†: last=25.5%  mean=24.0%

  Latest vulnerable trial 030: def4_meas=True  Q@k†=28.8%  R:20→60 Mbps  elapsed=328s

  Latest defended trial 030: def4_meas=True  Q@k†=25.5%  R:20→30 Mbps  elapsed=278s
=================================================================

=================================================================
  WAVE 1 STATUS  09:27:46 IST
=================================================================
  Queue position : INFO  Next: as5_sanity
  tc rate (lo)   : N/A  →  agent AMBR ≈ N/A

  vulnerable: 30/30 trials | def4_meas=100% (30/30) | Q@k†: last=28.8%  mean=28.4%
  defended  : 30/30 trials | def4_meas=97% (29/30) | Q@k†: last=25.5%  mean=24.0%

  Latest vulnerable trial 030: def4_meas=True  Q@k†=28.8%  R:20→60 Mbps  elapsed=328s

  Latest defended trial 030: def4_meas=True  Q@k†=25.5%  R:20→30 Mbps  elapsed=278s
=================================================================

=================================================================
  WAVE 1 STATUS  09:28:46 IST
=================================================================
  Queue position : INFO  Next: as5_sanity
  tc rate (lo)   : N/A  →  agent AMBR ≈ N/A

  vulnerable: 30/30 trials | def4_meas=100% (30/30) | Q@k†: last=28.8%  mean=28.4%
  defended  : 30/30 trials | def4_meas=97% (29/30) | Q@k†: last=25.5%  mean=24.0%

  Latest vulnerable trial 030: def4_meas=True  Q@k†=28.8%  R:20→60 Mbps  elapsed=328s

  Latest defended trial 030: def4_meas=True  Q@k†=25.5%  R:20→30 Mbps  elapsed=278s
=================================================================

=================================================================
  WAVE 1 STATUS  09:29:46 IST
=================================================================
  Queue position : INFO  Next: as5_sanity
  tc rate (lo)   : N/A  →  agent AMBR ≈ N/A

  vulnerable: 30/30 trials | def4_meas=100% (30/30) | Q@k†: last=28.8%  mean=28.4%
  defended  : 30/30 trials | def4_meas=97% (29/30) | Q@k†: last=25.5%  mean=24.0%

  Latest vulnerable trial 030: def4_meas=True  Q@k†=28.8%  R:20→60 Mbps  elapsed=328s

  Latest defended trial 030: def4_meas=True  Q@k†=25.5%  R:20→30 Mbps  elapsed=278s
=================================================================

=================================================================
  WAVE 1 STATUS  09:30:46 IST
=================================================================
  Queue position : INFO  Next: as5_sanity
  tc rate (lo)   : N/A  →  agent AMBR ≈ N/A

  vulnerable: 30/30 trials | def4_meas=100% (30/30) | Q@k†: last=28.8%  mean=28.4%
  defended  : 30/30 trials | def4_meas=97% (29/30) | Q@k†: last=25.5%  mean=24.0%

  Latest vulnerable trial 030: def4_meas=True  Q@k†=28.8%  R:20→60 Mbps  elapsed=328s

  Latest defended trial 030: def4_meas=True  Q@k†=25.5%  R:20→30 Mbps  elapsed=278s
=================================================================

=================================================================
  WAVE 1 STATUS  09:31:46 IST
=================================================================
  Queue position : INFO  Next: as5_sanity
  tc rate (lo)   : N/A  →  agent AMBR ≈ N/A

  vulnerable: 30/30 trials | def4_meas=100% (30/30) | Q@k†: last=28.8%  mean=28.4%
  defended  : 30/30 trials | def4_meas=97% (29/30) | Q@k†: last=25.5%  mean=24.0%

  Latest vulnerable trial 030: def4_meas=True  Q@k†=28.8%  R:20→60 Mbps  elapsed=328s

  Latest defended trial 030: def4_meas=True  Q@k†=25.5%  R:20→30 Mbps  elapsed=278s
=================================================================

=================================================================
  WAVE 1 STATUS  09:32:46 IST
=================================================================
  Queue position : INFO  Next: as5_sanity
  tc rate (lo)   : N/A  →  agent AMBR ≈ N/A

  vulnerable: 30/30 trials | def4_meas=100% (30/30) | Q@k†: last=28.8%  mean=28.4%
  defended  : 30/30 trials | def4_meas=97% (29/30) | Q@k†: last=25.5%  mean=24.0%

  Latest vulnerable trial 030: def4_meas=True  Q@k†=28.8%  R:20→60 Mbps  elapsed=328s

  Latest defended trial 030: def4_meas=True  Q@k†=25.5%  R:20→30 Mbps  elapsed=278s
=================================================================

=================================================================
  WAVE 1 STATUS  09:33:46 IST
=================================================================
  Queue position : INFO  Next: as5_sanity
  tc rate (lo)   : N/A  →  agent AMBR ≈ N/A

  vulnerable: 30/30 trials | def4_meas=100% (30/30) | Q@k†: last=28.8%  mean=28.4%
  defended  : 30/30 trials | def4_meas=97% (29/30) | Q@k†: last=25.5%  mean=24.0%

  Latest vulnerable trial 030: def4_meas=True  Q@k†=28.8%  R:20→60 Mbps  elapsed=328s

  Latest defended trial 030: def4_meas=True  Q@k†=25.5%  R:20→30 Mbps  elapsed=278s
=================================================================

=================================================================
  WAVE 1 STATUS  09:34:46 IST
=================================================================
  Queue position : INFO  Next: as5_sanity
  tc rate (lo)   : N/A  →  agent AMBR ≈ N/A

  vulnerable: 30/30 trials | def4_meas=100% (30/30) | Q@k†: last=28.8%  mean=28.4%
  defended  : 30/30 trials | def4_meas=97% (29/30) | Q@k†: last=25.5%  mean=24.0%

  Latest vulnerable trial 030: def4_meas=True  Q@k†=28.8%  R:20→60 Mbps  elapsed=328s

  Latest defended trial 030: def4_meas=True  Q@k†=25.5%  R:20→30 Mbps  elapsed=278s
=================================================================

=================================================================
  WAVE 1 STATUS  09:35:46 IST
=================================================================
  Queue position : INFO  Next: as5_sanity
  tc rate (lo)   : N/A  →  agent AMBR ≈ N/A

  vulnerable: 30/30 trials | def4_meas=100% (30/30) | Q@k†: last=28.8%  mean=28.4%
  defended  : 30/30 trials | def4_meas=97% (29/30) | Q@k†: last=25.5%  mean=24.0%

  Latest vulnerable trial 030: def4_meas=True  Q@k†=28.8%  R:20→60 Mbps  elapsed=328s

  Latest defended trial 030: def4_meas=True  Q@k†=25.5%  R:20→30 Mbps  elapsed=278s
=================================================================

=================================================================
  WAVE 1 STATUS  09:36:46 IST
=================================================================
  Queue position : INFO  Next: as5_sanity
  tc rate (lo)   : N/A  →  agent AMBR ≈ N/A

  vulnerable: 30/30 trials | def4_meas=100% (30/30) | Q@k†: last=28.8%  mean=28.4%
  defended  : 30/30 trials | def4_meas=97% (29/30) | Q@k†: last=25.5%  mean=24.0%

  Latest vulnerable trial 030: def4_meas=True  Q@k†=28.8%  R:20→60 Mbps  elapsed=328s

  Latest defended trial 030: def4_meas=True  Q@k†=25.5%  R:20→30 Mbps  elapsed=278s
=================================================================

=================================================================
  WAVE 1 STATUS  09:37:46 IST
=================================================================
  Queue position : INFO  Next: as5_sanity
  tc rate (lo)   : N/A  →  agent AMBR ≈ N/A

  vulnerable: 30/30 trials | def4_meas=100% (30/30) | Q@k†: last=28.8%  mean=28.4%
  defended  : 30/30 trials | def4_meas=97% (29/30) | Q@k†: last=25.5%  mean=24.0%

  Latest vulnerable trial 030: def4_meas=True  Q@k†=28.8%  R:20→60 Mbps  elapsed=328s

  Latest defended trial 030: def4_meas=True  Q@k†=25.5%  R:20→30 Mbps  elapsed=278s
=================================================================

=================================================================
  WAVE 1 STATUS  09:38:46 IST
=================================================================
  Queue position : INFO  Next: as5_sanity
  tc rate (lo)   : N/A  →  agent AMBR ≈ N/A

  vulnerable: 30/30 trials | def4_meas=100% (30/30) | Q@k†: last=28.8%  mean=28.4%
  defended  : 30/30 trials | def4_meas=97% (29/30) | Q@k†: last=25.5%  mean=24.0%

  Latest vulnerable trial 030: def4_meas=True  Q@k†=28.8%  R:20→60 Mbps  elapsed=328s

  Latest defended trial 030: def4_meas=True  Q@k†=25.5%  R:20→30 Mbps  elapsed=278s
=================================================================

=================================================================
  WAVE 1 STATUS  09:39:46 IST
=================================================================
  Queue position : INFO  Next: as5_sanity
  tc rate (lo)   : N/A  →  agent AMBR ≈ N/A

  vulnerable: 30/30 trials | def4_meas=100% (30/30) | Q@k†: last=28.8%  mean=28.4%
  defended  : 30/30 trials | def4_meas=97% (29/30) | Q@k†: last=25.5%  mean=24.0%

  Latest vulnerable trial 030: def4_meas=True  Q@k†=28.8%  R:20→60 Mbps  elapsed=328s

  Latest defended trial 030: def4_meas=True  Q@k†=25.5%  R:20→30 Mbps  elapsed=278s
=================================================================

=================================================================
  WAVE 1 STATUS  09:40:46 IST
=================================================================
  Queue position : INFO  Next: as5_sanity
  tc rate (lo)   : N/A  →  agent AMBR ≈ N/A

  vulnerable: 30/30 trials | def4_meas=100% (30/30) | Q@k†: last=28.8%  mean=28.4%
  defended  : 30/30 trials | def4_meas=97% (29/30) | Q@k†: last=25.5%  mean=24.0%

  Latest vulnerable trial 030: def4_meas=True  Q@k†=28.8%  R:20→60 Mbps  elapsed=328s

  Latest defended trial 030: def4_meas=True  Q@k†=25.5%  R:20→30 Mbps  elapsed=278s
=================================================================

=================================================================
  WAVE 1 STATUS  09:41:46 IST
=================================================================
  Queue position : INFO  Next: as5_sanity
  tc rate (lo)   : N/A  →  agent AMBR ≈ N/A

  vulnerable: 30/30 trials | def4_meas=100% (30/30) | Q@k†: last=28.8%  mean=28.4%
  defended  : 30/30 trials | def4_meas=97% (29/30) | Q@k†: last=25.5%  mean=24.0%

  Latest vulnerable trial 030: def4_meas=True  Q@k†=28.8%  R:20→60 Mbps  elapsed=328s

  Latest defended trial 030: def4_meas=True  Q@k†=25.5%  R:20→30 Mbps  elapsed=278s
=================================================================

=================================================================
  WAVE 1 STATUS  09:42:46 IST
=================================================================
  Queue position : INFO  Next: as5_sanity
  tc rate (lo)   : N/A  →  agent AMBR ≈ N/A

  vulnerable: 30/30 trials | def4_meas=100% (30/30) | Q@k†: last=28.8%  mean=28.4%
  defended  : 30/30 trials | def4_meas=97% (29/30) | Q@k†: last=25.5%  mean=24.0%

  Latest vulnerable trial 030: def4_meas=True  Q@k†=28.8%  R:20→60 Mbps  elapsed=328s

  Latest defended trial 030: def4_meas=True  Q@k†=25.5%  R:20→30 Mbps  elapsed=278s
=================================================================

=================================================================
  WAVE 1 STATUS  09:43:46 IST
=================================================================
  Queue position : INFO  Next: as5_sanity
  tc rate (lo)   : N/A  →  agent AMBR ≈ N/A

  vulnerable: 30/30 trials | def4_meas=100% (30/30) | Q@k†: last=28.8%  mean=28.4%
  defended  : 30/30 trials | def4_meas=97% (29/30) | Q@k†: last=25.5%  mean=24.0%

  Latest vulnerable trial 030: def4_meas=True  Q@k†=28.8%  R:20→60 Mbps  elapsed=328s

  Latest defended trial 030: def4_meas=True  Q@k†=25.5%  R:20→30 Mbps  elapsed=278s
=================================================================

=================================================================
  WAVE 1 STATUS  09:44:46 IST
=================================================================
  Queue position : INFO  Next: as5_sanity
  tc rate (lo)   : N/A  →  agent AMBR ≈ N/A

  vulnerable: 30/30 trials | def4_meas=100% (30/30) | Q@k†: last=28.8%  mean=28.4%
  defended  : 30/30 trials | def4_meas=97% (29/30) | Q@k†: last=25.5%  mean=24.0%

  Latest vulnerable trial 030: def4_meas=True  Q@k†=28.8%  R:20→60 Mbps  elapsed=328s

  Latest defended trial 030: def4_meas=True  Q@k†=25.5%  R:20→30 Mbps  elapsed=278s
=================================================================

=================================================================
  WAVE 1 STATUS  09:45:46 IST
=================================================================
  Queue position : INFO  Next: as5_sanity
  tc rate (lo)   : N/A  →  agent AMBR ≈ N/A

  vulnerable: 30/30 trials | def4_meas=100% (30/30) | Q@k†: last=28.8%  mean=28.4%
  defended  : 30/30 trials | def4_meas=97% (29/30) | Q@k†: last=25.5%  mean=24.0%

  Latest vulnerable trial 030: def4_meas=True  Q@k†=28.8%  R:20→60 Mbps  elapsed=328s

  Latest defended trial 030: def4_meas=True  Q@k†=25.5%  R:20→30 Mbps  elapsed=278s
=================================================================

=================================================================
  WAVE 1 STATUS  09:46:46 IST
=================================================================
  Queue position : INFO  Next: as5_sanity
  tc rate (lo)   : N/A  →  agent AMBR ≈ N/A

  vulnerable: 30/30 trials | def4_meas=100% (30/30) | Q@k†: last=28.8%  mean=28.4%
  defended  : 30/30 trials | def4_meas=97% (29/30) | Q@k†: last=25.5%  mean=24.0%

  Latest vulnerable trial 030: def4_meas=True  Q@k†=28.8%  R:20→60 Mbps  elapsed=328s

  Latest defended trial 030: def4_meas=True  Q@k†=25.5%  R:20→30 Mbps  elapsed=278s
=================================================================

=================================================================
  WAVE 1 STATUS  09:47:46 IST
=================================================================
  Queue position : INFO  Next: as5_sanity
  tc rate (lo)   : N/A  →  agent AMBR ≈ N/A

  vulnerable: 30/30 trials | def4_meas=100% (30/30) | Q@k†: last=28.8%  mean=28.4%
  defended  : 30/30 trials | def4_meas=97% (29/30) | Q@k†: last=25.5%  mean=24.0%

  Latest vulnerable trial 030: def4_meas=True  Q@k†=28.8%  R:20→60 Mbps  elapsed=328s

  Latest defended trial 030: def4_meas=True  Q@k†=25.5%  R:20→30 Mbps  elapsed=278s
=================================================================

=================================================================
  WAVE 1 STATUS  09:48:46 IST
=================================================================
  Queue position : INFO  Next: as5_sanity
  tc rate (lo)   : N/A  →  agent AMBR ≈ N/A

  vulnerable: 30/30 trials | def4_meas=100% (30/30) | Q@k†: last=28.8%  mean=28.4%
  defended  : 30/30 trials | def4_meas=97% (29/30) | Q@k†: last=25.5%  mean=24.0%

  Latest vulnerable trial 030: def4_meas=True  Q@k†=28.8%  R:20→60 Mbps  elapsed=328s

  Latest defended trial 030: def4_meas=True  Q@k†=25.5%  R:20→30 Mbps  elapsed=278s
=================================================================

=================================================================
  WAVE 1 STATUS  09:49:46 IST
=================================================================
  Queue position : INFO  Next: as5_sanity
  tc rate (lo)   : N/A  →  agent AMBR ≈ N/A

  vulnerable: 30/30 trials | def4_meas=100% (30/30) | Q@k†: last=28.8%  mean=28.4%
  defended  : 30/30 trials | def4_meas=97% (29/30) | Q@k†: last=25.5%  mean=24.0%

  Latest vulnerable trial 030: def4_meas=True  Q@k†=28.8%  R:20→60 Mbps  elapsed=328s

  Latest defended trial 030: def4_meas=True  Q@k†=25.5%  R:20→30 Mbps  elapsed=278s
=================================================================

=================================================================
  WAVE 1 STATUS  09:50:46 IST
=================================================================
  Queue position : INFO  Next: as5_sanity
  tc rate (lo)   : N/A  →  agent AMBR ≈ N/A

  vulnerable: 30/30 trials | def4_meas=100% (30/30) | Q@k†: last=28.8%  mean=28.4%
  defended  : 30/30 trials | def4_meas=97% (29/30) | Q@k†: last=25.5%  mean=24.0%

  Latest vulnerable trial 030: def4_meas=True  Q@k†=28.8%  R:20→60 Mbps  elapsed=328s

  Latest defended trial 030: def4_meas=True  Q@k†=25.5%  R:20→30 Mbps  elapsed=278s
=================================================================

=================================================================
  WAVE 1 STATUS  09:51:46 IST
=================================================================
  Queue position : INFO  Next: as5_sanity
  tc rate (lo)   : N/A  →  agent AMBR ≈ N/A

  vulnerable: 30/30 trials | def4_meas=100% (30/30) | Q@k†: last=28.8%  mean=28.4%
  defended  : 30/30 trials | def4_meas=97% (29/30) | Q@k†: last=25.5%  mean=24.0%

  Latest vulnerable trial 030: def4_meas=True  Q@k†=28.8%  R:20→60 Mbps  elapsed=328s

  Latest defended trial 030: def4_meas=True  Q@k†=25.5%  R:20→30 Mbps  elapsed=278s
=================================================================

=================================================================
  WAVE 1 STATUS  09:52:46 IST
=================================================================
  Queue position : INFO  Next: as5_sanity
  tc rate (lo)   : N/A  →  agent AMBR ≈ N/A

  vulnerable: 30/30 trials | def4_meas=100% (30/30) | Q@k†: last=28.8%  mean=28.4%
  defended  : 30/30 trials | def4_meas=97% (29/30) | Q@k†: last=25.5%  mean=24.0%

  Latest vulnerable trial 030: def4_meas=True  Q@k†=28.8%  R:20→60 Mbps  elapsed=328s

  Latest defended trial 030: def4_meas=True  Q@k†=25.5%  R:20→30 Mbps  elapsed=278s
=================================================================

=================================================================
  WAVE 1 STATUS  09:53:46 IST
=================================================================
  Queue position : INFO  Next: as5_sanity
  tc rate (lo)   : N/A  →  agent AMBR ≈ N/A

  vulnerable: 30/30 trials | def4_meas=100% (30/30) | Q@k†: last=28.8%  mean=28.4%
  defended  : 30/30 trials | def4_meas=97% (29/30) | Q@k†: last=25.5%  mean=24.0%

  Latest vulnerable trial 030: def4_meas=True  Q@k†=28.8%  R:20→60 Mbps  elapsed=328s

  Latest defended trial 030: def4_meas=True  Q@k†=25.5%  R:20→30 Mbps  elapsed=278s
=================================================================

=================================================================
  WAVE 1 STATUS  09:54:46 IST
=================================================================
  Queue position : INFO  Next: as5_sanity
  tc rate (lo)   : N/A  →  agent AMBR ≈ N/A

  vulnerable: 30/30 trials | def4_meas=100% (30/30) | Q@k†: last=28.8%  mean=28.4%
  defended  : 30/30 trials | def4_meas=97% (29/30) | Q@k†: last=25.5%  mean=24.0%

  Latest vulnerable trial 030: def4_meas=True  Q@k†=28.8%  R:20→60 Mbps  elapsed=328s

  Latest defended trial 030: def4_meas=True  Q@k†=25.5%  R:20→30 Mbps  elapsed=278s
=================================================================

=================================================================
  WAVE 1 STATUS  09:55:46 IST
=================================================================
  Queue position : INFO  Next: as5_sanity
  tc rate (lo)   : N/A  →  agent AMBR ≈ N/A

  vulnerable: 30/30 trials | def4_meas=100% (30/30) | Q@k†: last=28.8%  mean=28.4%
  defended  : 30/30 trials | def4_meas=97% (29/30) | Q@k†: last=25.5%  mean=24.0%

  Latest vulnerable trial 030: def4_meas=True  Q@k†=28.8%  R:20→60 Mbps  elapsed=328s

  Latest defended trial 030: def4_meas=True  Q@k†=25.5%  R:20→30 Mbps  elapsed=278s
=================================================================

=================================================================
  WAVE 1 STATUS  09:56:46 IST
=================================================================
  Queue position : INFO  Next: as5_sanity
  tc rate (lo)   : N/A  →  agent AMBR ≈ N/A

  vulnerable: 30/30 trials | def4_meas=100% (30/30) | Q@k†: last=28.8%  mean=28.4%
  defended  : 30/30 trials | def4_meas=97% (29/30) | Q@k†: last=25.5%  mean=24.0%

  Latest vulnerable trial 030: def4_meas=True  Q@k†=28.8%  R:20→60 Mbps  elapsed=328s

  Latest defended trial 030: def4_meas=True  Q@k†=25.5%  R:20→30 Mbps  elapsed=278s
=================================================================

=================================================================
  WAVE 1 STATUS  09:57:46 IST
=================================================================
  Queue position : INFO  Next: as5_sanity
  tc rate (lo)   : N/A  →  agent AMBR ≈ N/A

  vulnerable: 30/30 trials | def4_meas=100% (30/30) | Q@k†: last=28.8%  mean=28.4%
  defended  : 30/30 trials | def4_meas=97% (29/30) | Q@k†: last=25.5%  mean=24.0%

  Latest vulnerable trial 030: def4_meas=True  Q@k†=28.8%  R:20→60 Mbps  elapsed=328s

  Latest defended trial 030: def4_meas=True  Q@k†=25.5%  R:20→30 Mbps  elapsed=278s
=================================================================

=================================================================
  WAVE 1 STATUS  09:58:46 IST
=================================================================
  Queue position : INFO  Next: as5_sanity
  tc rate (lo)   : N/A  →  agent AMBR ≈ N/A

  vulnerable: 30/30 trials | def4_meas=100% (30/30) | Q@k†: last=28.8%  mean=28.4%
  defended  : 30/30 trials | def4_meas=97% (29/30) | Q@k†: last=25.5%  mean=24.0%

  Latest vulnerable trial 030: def4_meas=True  Q@k†=28.8%  R:20→60 Mbps  elapsed=328s

  Latest defended trial 030: def4_meas=True  Q@k†=25.5%  R:20→30 Mbps  elapsed=278s
=================================================================

=================================================================
  WAVE 1 STATUS  09:59:46 IST
=================================================================
  Queue position : INFO  Next: as5_sanity
  tc rate (lo)   : N/A  →  agent AMBR ≈ N/A

  vulnerable: 30/30 trials | def4_meas=100% (30/30) | Q@k†: last=28.8%  mean=28.4%
  defended  : 30/30 trials | def4_meas=97% (29/30) | Q@k†: last=25.5%  mean=24.0%

  Latest vulnerable trial 030: def4_meas=True  Q@k†=28.8%  R:20→60 Mbps  elapsed=328s

  Latest defended trial 030: def4_meas=True  Q@k†=25.5%  R:20→30 Mbps  elapsed=278s
=================================================================

=================================================================
  WAVE 1 STATUS  10:00:46 IST
=================================================================
  Queue position : INFO  Next: as5_sanity
  tc rate (lo)   : N/A  →  agent AMBR ≈ N/A

  vulnerable: 30/30 trials | def4_meas=100% (30/30) | Q@k†: last=28.8%  mean=28.4%
  defended  : 30/30 trials | def4_meas=97% (29/30) | Q@k†: last=25.5%  mean=24.0%

  Latest vulnerable trial 030: def4_meas=True  Q@k†=28.8%  R:20→60 Mbps  elapsed=328s

  Latest defended trial 030: def4_meas=True  Q@k†=25.5%  R:20→30 Mbps  elapsed=278s
=================================================================

=================================================================
  WAVE 1 STATUS  10:01:46 IST
=================================================================
  Queue position : INFO  Next: as5_sanity
  tc rate (lo)   : N/A  →  agent AMBR ≈ N/A

  vulnerable: 30/30 trials | def4_meas=100% (30/30) | Q@k†: last=28.8%  mean=28.4%
  defended  : 30/30 trials | def4_meas=97% (29/30) | Q@k†: last=25.5%  mean=24.0%

  Latest vulnerable trial 030: def4_meas=True  Q@k†=28.8%  R:20→60 Mbps  elapsed=328s

  Latest defended trial 030: def4_meas=True  Q@k†=25.5%  R:20→30 Mbps  elapsed=278s
=================================================================

=================================================================
  WAVE 1 STATUS  10:02:46 IST
=================================================================
  Queue position : INFO  Next: as5_sanity
  tc rate (lo)   : N/A  →  agent AMBR ≈ N/A

  vulnerable: 30/30 trials | def4_meas=100% (30/30) | Q@k†: last=28.8%  mean=28.4%
  defended  : 30/30 trials | def4_meas=97% (29/30) | Q@k†: last=25.5%  mean=24.0%

  Latest vulnerable trial 030: def4_meas=True  Q@k†=28.8%  R:20→60 Mbps  elapsed=328s

  Latest defended trial 030: def4_meas=True  Q@k†=25.5%  R:20→30 Mbps  elapsed=278s
=================================================================

=================================================================
  WAVE 1 STATUS  10:03:46 IST
=================================================================
  Queue position : INFO  Next: as5_sanity
  tc rate (lo)   : N/A  →  agent AMBR ≈ N/A

  vulnerable: 30/30 trials | def4_meas=100% (30/30) | Q@k†: last=28.8%  mean=28.4%
  defended  : 30/30 trials | def4_meas=97% (29/30) | Q@k†: last=25.5%  mean=24.0%

  Latest vulnerable trial 030: def4_meas=True  Q@k†=28.8%  R:20→60 Mbps  elapsed=328s

  Latest defended trial 030: def4_meas=True  Q@k†=25.5%  R:20→30 Mbps  elapsed=278s
=================================================================

=================================================================
  WAVE 1 STATUS  10:04:46 IST
=================================================================
  Queue position : INFO  Next: as5_sanity
  tc rate (lo)   : N/A  →  agent AMBR ≈ N/A

  vulnerable: 30/30 trials | def4_meas=100% (30/30) | Q@k†: last=28.8%  mean=28.4%
  defended  : 30/30 trials | def4_meas=97% (29/30) | Q@k†: last=25.5%  mean=24.0%

  Latest vulnerable trial 030: def4_meas=True  Q@k†=28.8%  R:20→60 Mbps  elapsed=328s

  Latest defended trial 030: def4_meas=True  Q@k†=25.5%  R:20→30 Mbps  elapsed=278s
=================================================================

=================================================================
  WAVE 1 STATUS  10:05:46 IST
=================================================================
  Queue position : INFO  Next: as5_sanity
  tc rate (lo)   : N/A  →  agent AMBR ≈ N/A

  vulnerable: 30/30 trials | def4_meas=100% (30/30) | Q@k†: last=28.8%  mean=28.4%
  defended  : 30/30 trials | def4_meas=97% (29/30) | Q@k†: last=25.5%  mean=24.0%

  Latest vulnerable trial 030: def4_meas=True  Q@k†=28.8%  R:20→60 Mbps  elapsed=328s

  Latest defended trial 030: def4_meas=True  Q@k†=25.5%  R:20→30 Mbps  elapsed=278s
=================================================================

=================================================================
  WAVE 1 STATUS  10:06:46 IST
=================================================================
  Queue position : INFO  Next: as5_sanity
  tc rate (lo)   : N/A  →  agent AMBR ≈ N/A

  vulnerable: 30/30 trials | def4_meas=100% (30/30) | Q@k†: last=28.8%  mean=28.4%
  defended  : 30/30 trials | def4_meas=97% (29/30) | Q@k†: last=25.5%  mean=24.0%

  Latest vulnerable trial 030: def4_meas=True  Q@k†=28.8%  R:20→60 Mbps  elapsed=328s

  Latest defended trial 030: def4_meas=True  Q@k†=25.5%  R:20→30 Mbps  elapsed=278s
=================================================================

=================================================================
  WAVE 1 STATUS  10:07:46 IST
=================================================================
  Queue position : INFO  Next: as5_sanity
  tc rate (lo)   : N/A  →  agent AMBR ≈ N/A

  vulnerable: 30/30 trials | def4_meas=100% (30/30) | Q@k†: last=28.8%  mean=28.4%
  defended  : 30/30 trials | def4_meas=97% (29/30) | Q@k†: last=25.5%  mean=24.0%

  Latest vulnerable trial 030: def4_meas=True  Q@k†=28.8%  R:20→60 Mbps  elapsed=328s

  Latest defended trial 030: def4_meas=True  Q@k†=25.5%  R:20→30 Mbps  elapsed=278s
=================================================================

=================================================================
  WAVE 1 STATUS  10:08:46 IST
=================================================================
  Queue position : INFO  Next: as5_sanity
  tc rate (lo)   : N/A  →  agent AMBR ≈ N/A

  vulnerable: 30/30 trials | def4_meas=100% (30/30) | Q@k†: last=28.8%  mean=28.4%
  defended  : 30/30 trials | def4_meas=97% (29/30) | Q@k†: last=25.5%  mean=24.0%

  Latest vulnerable trial 030: def4_meas=True  Q@k†=28.8%  R:20→60 Mbps  elapsed=328s

  Latest defended trial 030: def4_meas=True  Q@k†=25.5%  R:20→30 Mbps  elapsed=278s
=================================================================

=================================================================
  WAVE 1 STATUS  10:09:46 IST
=================================================================
  Queue position : INFO  Next: as5_sanity
  tc rate (lo)   : N/A  →  agent AMBR ≈ N/A

  vulnerable: 30/30 trials | def4_meas=100% (30/30) | Q@k†: last=28.8%  mean=28.4%
  defended  : 30/30 trials | def4_meas=97% (29/30) | Q@k†: last=25.5%  mean=24.0%

  Latest vulnerable trial 030: def4_meas=True  Q@k†=28.8%  R:20→60 Mbps  elapsed=328s

  Latest defended trial 030: def4_meas=True  Q@k†=25.5%  R:20→30 Mbps  elapsed=278s
=================================================================

=================================================================
  WAVE 1 STATUS  10:10:46 IST
=================================================================
  Queue position : INFO  Next: as5_sanity
  tc rate (lo)   : N/A  →  agent AMBR ≈ N/A

  vulnerable: 30/30 trials | def4_meas=100% (30/30) | Q@k†: last=28.8%  mean=28.4%
  defended  : 30/30 trials | def4_meas=97% (29/30) | Q@k†: last=25.5%  mean=24.0%

  Latest vulnerable trial 030: def4_meas=True  Q@k†=28.8%  R:20→60 Mbps  elapsed=328s

  Latest defended trial 030: def4_meas=True  Q@k†=25.5%  R:20→30 Mbps  elapsed=278s
=================================================================

=================================================================
  WAVE 1 STATUS  10:11:46 IST
=================================================================
  Queue position : INFO  Next: as5_sanity
  tc rate (lo)   : N/A  →  agent AMBR ≈ N/A

  vulnerable: 30/30 trials | def4_meas=100% (30/30) | Q@k†: last=28.8%  mean=28.4%
  defended  : 30/30 trials | def4_meas=97% (29/30) | Q@k†: last=25.5%  mean=24.0%

  Latest vulnerable trial 030: def4_meas=True  Q@k†=28.8%  R:20→60 Mbps  elapsed=328s

  Latest defended trial 030: def4_meas=True  Q@k†=25.5%  R:20→30 Mbps  elapsed=278s
=================================================================

=================================================================
  WAVE 1 STATUS  10:12:46 IST
=================================================================
  Queue position : INFO  Next: as5_sanity
  tc rate (lo)   : N/A  →  agent AMBR ≈ N/A

  vulnerable: 30/30 trials | def4_meas=100% (30/30) | Q@k†: last=28.8%  mean=28.4%
  defended  : 30/30 trials | def4_meas=97% (29/30) | Q@k†: last=25.5%  mean=24.0%

  Latest vulnerable trial 030: def4_meas=True  Q@k†=28.8%  R:20→60 Mbps  elapsed=328s

  Latest defended trial 030: def4_meas=True  Q@k†=25.5%  R:20→30 Mbps  elapsed=278s
=================================================================

=================================================================
  WAVE 1 STATUS  10:13:46 IST
=================================================================
  Queue position : INFO  Next: as5_sanity
  tc rate (lo)   : N/A  →  agent AMBR ≈ N/A

  vulnerable: 30/30 trials | def4_meas=100% (30/30) | Q@k†: last=28.8%  mean=28.4%
  defended  : 30/30 trials | def4_meas=97% (29/30) | Q@k†: last=25.5%  mean=24.0%

  Latest vulnerable trial 030: def4_meas=True  Q@k†=28.8%  R:20→60 Mbps  elapsed=328s

  Latest defended trial 030: def4_meas=True  Q@k†=25.5%  R:20→30 Mbps  elapsed=278s
=================================================================

=================================================================
  WAVE 1 STATUS  10:14:46 IST
=================================================================
  Queue position : INFO  Next: as5_sanity
  tc rate (lo)   : N/A  →  agent AMBR ≈ N/A

  vulnerable: 30/30 trials | def4_meas=100% (30/30) | Q@k†: last=28.8%  mean=28.4%
  defended  : 30/30 trials | def4_meas=97% (29/30) | Q@k†: last=25.5%  mean=24.0%

  Latest vulnerable trial 030: def4_meas=True  Q@k†=28.8%  R:20→60 Mbps  elapsed=328s

  Latest defended trial 030: def4_meas=True  Q@k†=25.5%  R:20→30 Mbps  elapsed=278s
=================================================================

=================================================================
  WAVE 1 STATUS  10:15:46 IST
=================================================================
  Queue position : INFO  Next: as5_sanity
  tc rate (lo)   : N/A  →  agent AMBR ≈ N/A

  vulnerable: 30/30 trials | def4_meas=100% (30/30) | Q@k†: last=28.8%  mean=28.4%
  defended  : 30/30 trials | def4_meas=97% (29/30) | Q@k†: last=25.5%  mean=24.0%

  Latest vulnerable trial 030: def4_meas=True  Q@k†=28.8%  R:20→60 Mbps  elapsed=328s

  Latest defended trial 030: def4_meas=True  Q@k†=25.5%  R:20→30 Mbps  elapsed=278s
=================================================================

=================================================================
  WAVE 1 STATUS  10:16:46 IST
=================================================================
  Queue position : INFO  Next: as5_sanity
  tc rate (lo)   : N/A  →  agent AMBR ≈ N/A

  vulnerable: 30/30 trials | def4_meas=100% (30/30) | Q@k†: last=28.8%  mean=28.4%
  defended  : 30/30 trials | def4_meas=97% (29/30) | Q@k†: last=25.5%  mean=24.0%

  Latest vulnerable trial 030: def4_meas=True  Q@k†=28.8%  R:20→60 Mbps  elapsed=328s

  Latest defended trial 030: def4_meas=True  Q@k†=25.5%  R:20→30 Mbps  elapsed=278s
=================================================================

=================================================================
  WAVE 1 STATUS  10:17:47 IST
=================================================================
  Queue position : INFO  Next: as5_sanity
  tc rate (lo)   : N/A  →  agent AMBR ≈ N/A

  vulnerable: 30/30 trials | def4_meas=100% (30/30) | Q@k†: last=28.8%  mean=28.4%
  defended  : 30/30 trials | def4_meas=97% (29/30) | Q@k†: last=25.5%  mean=24.0%

  Latest vulnerable trial 030: def4_meas=True  Q@k†=28.8%  R:20→60 Mbps  elapsed=328s

  Latest defended trial 030: def4_meas=True  Q@k†=25.5%  R:20→30 Mbps  elapsed=278s
=================================================================

=================================================================
  WAVE 1 STATUS  10:18:47 IST
=================================================================
  Queue position : INFO  Next: as5_sanity
  tc rate (lo)   : N/A  →  agent AMBR ≈ N/A

  vulnerable: 30/30 trials | def4_meas=100% (30/30) | Q@k†: last=28.8%  mean=28.4%
  defended  : 30/30 trials | def4_meas=97% (29/30) | Q@k†: last=25.5%  mean=24.0%

  Latest vulnerable trial 030: def4_meas=True  Q@k†=28.8%  R:20→60 Mbps  elapsed=328s

  Latest defended trial 030: def4_meas=True  Q@k†=25.5%  R:20→30 Mbps  elapsed=278s
=================================================================

=================================================================
  WAVE 1 STATUS  10:19:47 IST
=================================================================
  Queue position : INFO  Next: as5_sanity
  tc rate (lo)   : N/A  →  agent AMBR ≈ N/A

  vulnerable: 30/30 trials | def4_meas=100% (30/30) | Q@k†: last=28.8%  mean=28.4%
  defended  : 30/30 trials | def4_meas=97% (29/30) | Q@k†: last=25.5%  mean=24.0%

  Latest vulnerable trial 030: def4_meas=True  Q@k†=28.8%  R:20→60 Mbps  elapsed=328s

  Latest defended trial 030: def4_meas=True  Q@k†=25.5%  R:20→30 Mbps  elapsed=278s
=================================================================

=================================================================
  WAVE 1 STATUS  10:20:47 IST
=================================================================
  Queue position : INFO  Next: as5_sanity
  tc rate (lo)   : N/A  →  agent AMBR ≈ N/A

  vulnerable: 30/30 trials | def4_meas=100% (30/30) | Q@k†: last=28.8%  mean=28.4%
  defended  : 30/30 trials | def4_meas=97% (29/30) | Q@k†: last=25.5%  mean=24.0%

  Latest vulnerable trial 030: def4_meas=True  Q@k†=28.8%  R:20→60 Mbps  elapsed=328s

  Latest defended trial 030: def4_meas=True  Q@k†=25.5%  R:20→30 Mbps  elapsed=278s
=================================================================

=================================================================
  WAVE 1 STATUS  10:21:47 IST
=================================================================
  Queue position : INFO  Next: as5_sanity
  tc rate (lo)   : N/A  →  agent AMBR ≈ N/A

  vulnerable: 30/30 trials | def4_meas=100% (30/30) | Q@k†: last=28.8%  mean=28.4%
  defended  : 30/30 trials | def4_meas=97% (29/30) | Q@k†: last=25.5%  mean=24.0%

  Latest vulnerable trial 030: def4_meas=True  Q@k†=28.8%  R:20→60 Mbps  elapsed=328s

  Latest defended trial 030: def4_meas=True  Q@k†=25.5%  R:20→30 Mbps  elapsed=278s
=================================================================

=================================================================
  WAVE 1 STATUS  10:22:47 IST
=================================================================
  Queue position : INFO  Next: as5_sanity
  tc rate (lo)   : N/A  →  agent AMBR ≈ N/A

  vulnerable: 30/30 trials | def4_meas=100% (30/30) | Q@k†: last=28.8%  mean=28.4%
  defended  : 30/30 trials | def4_meas=97% (29/30) | Q@k†: last=25.5%  mean=24.0%

  Latest vulnerable trial 030: def4_meas=True  Q@k†=28.8%  R:20→60 Mbps  elapsed=328s

  Latest defended trial 030: def4_meas=True  Q@k†=25.5%  R:20→30 Mbps  elapsed=278s
=================================================================

=================================================================
  WAVE 1 STATUS  10:23:47 IST
=================================================================
  Queue position : INFO  Next: as5_sanity
  tc rate (lo)   : N/A  →  agent AMBR ≈ N/A

  vulnerable: 30/30 trials | def4_meas=100% (30/30) | Q@k†: last=28.8%  mean=28.4%
  defended  : 30/30 trials | def4_meas=97% (29/30) | Q@k†: last=25.5%  mean=24.0%

  Latest vulnerable trial 030: def4_meas=True  Q@k†=28.8%  R:20→60 Mbps  elapsed=328s

  Latest defended trial 030: def4_meas=True  Q@k†=25.5%  R:20→30 Mbps  elapsed=278s
=================================================================

=================================================================
  WAVE 1 STATUS  10:24:47 IST
=================================================================
  Queue position : INFO  Next: as5_sanity
  tc rate (lo)   : N/A  →  agent AMBR ≈ N/A

  vulnerable: 30/30 trials | def4_meas=100% (30/30) | Q@k†: last=28.8%  mean=28.4%
  defended  : 30/30 trials | def4_meas=97% (29/30) | Q@k†: last=25.5%  mean=24.0%

  Latest vulnerable trial 030: def4_meas=True  Q@k†=28.8%  R:20→60 Mbps  elapsed=328s

  Latest defended trial 030: def4_meas=True  Q@k†=25.5%  R:20→30 Mbps  elapsed=278s
=================================================================

=================================================================
  WAVE 1 STATUS  10:25:47 IST
=================================================================
  Queue position : INFO  Next: as5_sanity
  tc rate (lo)   : N/A  →  agent AMBR ≈ N/A

  vulnerable: 30/30 trials | def4_meas=100% (30/30) | Q@k†: last=28.8%  mean=28.4%
  defended  : 30/30 trials | def4_meas=97% (29/30) | Q@k†: last=25.5%  mean=24.0%

  Latest vulnerable trial 030: def4_meas=True  Q@k†=28.8%  R:20→60 Mbps  elapsed=328s

  Latest defended trial 030: def4_meas=True  Q@k†=25.5%  R:20→30 Mbps  elapsed=278s
=================================================================

=================================================================
  WAVE 1 STATUS  10:26:47 IST
=================================================================
  Queue position : INFO  Next: as5_sanity
  tc rate (lo)   : N/A  →  agent AMBR ≈ N/A

  vulnerable: 30/30 trials | def4_meas=100% (30/30) | Q@k†: last=28.8%  mean=28.4%
  defended  : 30/30 trials | def4_meas=97% (29/30) | Q@k†: last=25.5%  mean=24.0%

  Latest vulnerable trial 030: def4_meas=True  Q@k†=28.8%  R:20→60 Mbps  elapsed=328s

  Latest defended trial 030: def4_meas=True  Q@k†=25.5%  R:20→30 Mbps  elapsed=278s
=================================================================

=================================================================
  WAVE 1 STATUS  10:27:47 IST
=================================================================
  Queue position : INFO  Next: as5_sanity
  tc rate (lo)   : N/A  →  agent AMBR ≈ N/A

  vulnerable: 30/30 trials | def4_meas=100% (30/30) | Q@k†: last=28.8%  mean=28.4%
  defended  : 30/30 trials | def4_meas=97% (29/30) | Q@k†: last=25.5%  mean=24.0%

  Latest vulnerable trial 030: def4_meas=True  Q@k†=28.8%  R:20→60 Mbps  elapsed=328s

  Latest defended trial 030: def4_meas=True  Q@k†=25.5%  R:20→30 Mbps  elapsed=278s
=================================================================

=================================================================
  WAVE 1 STATUS  10:28:47 IST
=================================================================
  Queue position : INFO  Next: as5_sanity
  tc rate (lo)   : N/A  →  agent AMBR ≈ N/A

  vulnerable: 30/30 trials | def4_meas=100% (30/30) | Q@k†: last=28.8%  mean=28.4%
  defended  : 30/30 trials | def4_meas=97% (29/30) | Q@k†: last=25.5%  mean=24.0%

  Latest vulnerable trial 030: def4_meas=True  Q@k†=28.8%  R:20→60 Mbps  elapsed=328s

  Latest defended trial 030: def4_meas=True  Q@k†=25.5%  R:20→30 Mbps  elapsed=278s
=================================================================

=================================================================
  WAVE 1 STATUS  10:29:47 IST
=================================================================
  Queue position : INFO  Next: as5_sanity
  tc rate (lo)   : N/A  →  agent AMBR ≈ N/A

  vulnerable: 30/30 trials | def4_meas=100% (30/30) | Q@k†: last=28.8%  mean=28.4%
  defended  : 30/30 trials | def4_meas=97% (29/30) | Q@k†: last=25.5%  mean=24.0%

  Latest vulnerable trial 030: def4_meas=True  Q@k†=28.8%  R:20→60 Mbps  elapsed=328s

  Latest defended trial 030: def4_meas=True  Q@k†=25.5%  R:20→30 Mbps  elapsed=278s
=================================================================

=================================================================
  WAVE 1 STATUS  10:30:47 IST
=================================================================
  Queue position : INFO  Next: as5_sanity
  tc rate (lo)   : N/A  →  agent AMBR ≈ N/A

  vulnerable: 30/30 trials | def4_meas=100% (30/30) | Q@k†: last=28.8%  mean=28.4%
  defended  : 30/30 trials | def4_meas=97% (29/30) | Q@k†: last=25.5%  mean=24.0%

  Latest vulnerable trial 030: def4_meas=True  Q@k†=28.8%  R:20→60 Mbps  elapsed=328s

  Latest defended trial 030: def4_meas=True  Q@k†=25.5%  R:20→30 Mbps  elapsed=278s
=================================================================

=================================================================
  WAVE 1 STATUS  10:31:47 IST
=================================================================
  Queue position : INFO  Next: as5_sanity
  tc rate (lo)   : N/A  →  agent AMBR ≈ N/A

  vulnerable: 30/30 trials | def4_meas=100% (30/30) | Q@k†: last=28.8%  mean=28.4%
  defended  : 30/30 trials | def4_meas=97% (29/30) | Q@k†: last=25.5%  mean=24.0%

  Latest vulnerable trial 030: def4_meas=True  Q@k†=28.8%  R:20→60 Mbps  elapsed=328s

  Latest defended trial 030: def4_meas=True  Q@k†=25.5%  R:20→30 Mbps  elapsed=278s
=================================================================

=================================================================
  WAVE 1 STATUS  10:32:47 IST
=================================================================
  Queue position : INFO  Next: as5_sanity
  tc rate (lo)   : N/A  →  agent AMBR ≈ N/A

  vulnerable: 30/30 trials | def4_meas=100% (30/30) | Q@k†: last=28.8%  mean=28.4%
  defended  : 30/30 trials | def4_meas=97% (29/30) | Q@k†: last=25.5%  mean=24.0%

  Latest vulnerable trial 030: def4_meas=True  Q@k†=28.8%  R:20→60 Mbps  elapsed=328s

  Latest defended trial 030: def4_meas=True  Q@k†=25.5%  R:20→30 Mbps  elapsed=278s
=================================================================

=================================================================
  WAVE 1 STATUS  10:33:47 IST
=================================================================
  Queue position : INFO  Next: as5_sanity
  tc rate (lo)   : N/A  →  agent AMBR ≈ N/A

  vulnerable: 30/30 trials | def4_meas=100% (30/30) | Q@k†: last=28.8%  mean=28.4%
  defended  : 30/30 trials | def4_meas=97% (29/30) | Q@k†: last=25.5%  mean=24.0%

  Latest vulnerable trial 030: def4_meas=True  Q@k†=28.8%  R:20→60 Mbps  elapsed=328s

  Latest defended trial 030: def4_meas=True  Q@k†=25.5%  R:20→30 Mbps  elapsed=278s
=================================================================

=================================================================
  WAVE 1 STATUS  10:34:47 IST
=================================================================
  Queue position : INFO  Next: as5_sanity
  tc rate (lo)   : N/A  →  agent AMBR ≈ N/A

  vulnerable: 30/30 trials | def4_meas=100% (30/30) | Q@k†: last=28.8%  mean=28.4%
  defended  : 30/30 trials | def4_meas=97% (29/30) | Q@k†: last=25.5%  mean=24.0%

  Latest vulnerable trial 030: def4_meas=True  Q@k†=28.8%  R:20→60 Mbps  elapsed=328s

  Latest defended trial 030: def4_meas=True  Q@k†=25.5%  R:20→30 Mbps  elapsed=278s
=================================================================

=================================================================
  WAVE 1 STATUS  10:35:47 IST
=================================================================
  Queue position : INFO  Next: as5_sanity
  tc rate (lo)   : N/A  →  agent AMBR ≈ N/A

  vulnerable: 30/30 trials | def4_meas=100% (30/30) | Q@k†: last=28.8%  mean=28.4%
  defended  : 30/30 trials | def4_meas=97% (29/30) | Q@k†: last=25.5%  mean=24.0%

  Latest vulnerable trial 030: def4_meas=True  Q@k†=28.8%  R:20→60 Mbps  elapsed=328s

  Latest defended trial 030: def4_meas=True  Q@k†=25.5%  R:20→30 Mbps  elapsed=278s
=================================================================

=================================================================
  WAVE 1 STATUS  10:36:47 IST
=================================================================
  Queue position : INFO  Next: as5_sanity
  tc rate (lo)   : N/A  →  agent AMBR ≈ N/A

  vulnerable: 30/30 trials | def4_meas=100% (30/30) | Q@k†: last=28.8%  mean=28.4%
  defended  : 30/30 trials | def4_meas=97% (29/30) | Q@k†: last=25.5%  mean=24.0%

  Latest vulnerable trial 030: def4_meas=True  Q@k†=28.8%  R:20→60 Mbps  elapsed=328s

  Latest defended trial 030: def4_meas=True  Q@k†=25.5%  R:20→30 Mbps  elapsed=278s
=================================================================

=================================================================
  WAVE 1 STATUS  10:37:47 IST
=================================================================
  Queue position : INFO  Next: as5_sanity
  tc rate (lo)   : N/A  →  agent AMBR ≈ N/A

  vulnerable: 30/30 trials | def4_meas=100% (30/30) | Q@k†: last=28.8%  mean=28.4%
  defended  : 30/30 trials | def4_meas=97% (29/30) | Q@k†: last=25.5%  mean=24.0%

  Latest vulnerable trial 030: def4_meas=True  Q@k†=28.8%  R:20→60 Mbps  elapsed=328s

  Latest defended trial 030: def4_meas=True  Q@k†=25.5%  R:20→30 Mbps  elapsed=278s
=================================================================

=================================================================
  WAVE 1 STATUS  10:38:47 IST
=================================================================
  Queue position : INFO  Next: as5_sanity
  tc rate (lo)   : N/A  →  agent AMBR ≈ N/A

  vulnerable: 30/30 trials | def4_meas=100% (30/30) | Q@k†: last=28.8%  mean=28.4%
  defended  : 30/30 trials | def4_meas=97% (29/30) | Q@k†: last=25.5%  mean=24.0%

  Latest vulnerable trial 030: def4_meas=True  Q@k†=28.8%  R:20→60 Mbps  elapsed=328s

  Latest defended trial 030: def4_meas=True  Q@k†=25.5%  R:20→30 Mbps  elapsed=278s
=================================================================

=================================================================
  WAVE 1 STATUS  10:39:47 IST
=================================================================
  Queue position : INFO  Next: as5_sanity
  tc rate (lo)   : N/A  →  agent AMBR ≈ N/A

  vulnerable: 30/30 trials | def4_meas=100% (30/30) | Q@k†: last=28.8%  mean=28.4%
  defended  : 30/30 trials | def4_meas=97% (29/30) | Q@k†: last=25.5%  mean=24.0%

  Latest vulnerable trial 030: def4_meas=True  Q@k†=28.8%  R:20→60 Mbps  elapsed=328s

  Latest defended trial 030: def4_meas=True  Q@k†=25.5%  R:20→30 Mbps  elapsed=278s
=================================================================

=================================================================
  WAVE 1 STATUS  10:40:47 IST
=================================================================
  Queue position : INFO  Next: as5_sanity
  tc rate (lo)   : N/A  →  agent AMBR ≈ N/A

  vulnerable: 30/30 trials | def4_meas=100% (30/30) | Q@k†: last=28.8%  mean=28.4%
  defended  : 30/30 trials | def4_meas=97% (29/30) | Q@k†: last=25.5%  mean=24.0%

  Latest vulnerable trial 030: def4_meas=True  Q@k†=28.8%  R:20→60 Mbps  elapsed=328s

  Latest defended trial 030: def4_meas=True  Q@k†=25.5%  R:20→30 Mbps  elapsed=278s
=================================================================

=================================================================
  WAVE 1 STATUS  10:41:47 IST
=================================================================
  Queue position : INFO  Next: as5_sanity
  tc rate (lo)   : N/A  →  agent AMBR ≈ N/A

  vulnerable: 30/30 trials | def4_meas=100% (30/30) | Q@k†: last=28.8%  mean=28.4%
  defended  : 30/30 trials | def4_meas=97% (29/30) | Q@k†: last=25.5%  mean=24.0%

  Latest vulnerable trial 030: def4_meas=True  Q@k†=28.8%  R:20→60 Mbps  elapsed=328s

  Latest defended trial 030: def4_meas=True  Q@k†=25.5%  R:20→30 Mbps  elapsed=278s
=================================================================

=================================================================
  WAVE 1 STATUS  10:42:47 IST
=================================================================
  Queue position : INFO  Next: as5_sanity
  tc rate (lo)   : N/A  →  agent AMBR ≈ N/A

  vulnerable: 30/30 trials | def4_meas=100% (30/30) | Q@k†: last=28.8%  mean=28.4%
  defended  : 30/30 trials | def4_meas=97% (29/30) | Q@k†: last=25.5%  mean=24.0%

  Latest vulnerable trial 030: def4_meas=True  Q@k†=28.8%  R:20→60 Mbps  elapsed=328s

  Latest defended trial 030: def4_meas=True  Q@k†=25.5%  R:20→30 Mbps  elapsed=278s
=================================================================

=================================================================
  WAVE 1 STATUS  10:43:47 IST
=================================================================
  Queue position : INFO  Next: as5_sanity
  tc rate (lo)   : N/A  →  agent AMBR ≈ N/A

  vulnerable: 30/30 trials | def4_meas=100% (30/30) | Q@k†: last=28.8%  mean=28.4%
  defended  : 30/30 trials | def4_meas=97% (29/30) | Q@k†: last=25.5%  mean=24.0%

  Latest vulnerable trial 030: def4_meas=True  Q@k†=28.8%  R:20→60 Mbps  elapsed=328s

  Latest defended trial 030: def4_meas=True  Q@k†=25.5%  R:20→30 Mbps  elapsed=278s
=================================================================

=================================================================
  WAVE 1 STATUS  10:44:47 IST
=================================================================
  Queue position : INFO  Next: as5_sanity
  tc rate (lo)   : N/A  →  agent AMBR ≈ N/A

  vulnerable: 30/30 trials | def4_meas=100% (30/30) | Q@k†: last=28.8%  mean=28.4%
  defended  : 30/30 trials | def4_meas=97% (29/30) | Q@k†: last=25.5%  mean=24.0%

  Latest vulnerable trial 030: def4_meas=True  Q@k†=28.8%  R:20→60 Mbps  elapsed=328s

  Latest defended trial 030: def4_meas=True  Q@k†=25.5%  R:20→30 Mbps  elapsed=278s
=================================================================

=================================================================
  WAVE 1 STATUS  10:45:47 IST
=================================================================
  Queue position : INFO  Next: as5_sanity
  tc rate (lo)   : N/A  →  agent AMBR ≈ N/A

  vulnerable: 30/30 trials | def4_meas=100% (30/30) | Q@k†: last=28.8%  mean=28.4%
  defended  : 30/30 trials | def4_meas=97% (29/30) | Q@k†: last=25.5%  mean=24.0%

  Latest vulnerable trial 030: def4_meas=True  Q@k†=28.8%  R:20→60 Mbps  elapsed=328s

  Latest defended trial 030: def4_meas=True  Q@k†=25.5%  R:20→30 Mbps  elapsed=278s
=================================================================

=================================================================
  WAVE 1 STATUS  10:46:47 IST
=================================================================
  Queue position : INFO  Next: as5_sanity
  tc rate (lo)   : N/A  →  agent AMBR ≈ N/A

  vulnerable: 30/30 trials | def4_meas=100% (30/30) | Q@k†: last=28.8%  mean=28.4%
  defended  : 30/30 trials | def4_meas=97% (29/30) | Q@k†: last=25.5%  mean=24.0%

  Latest vulnerable trial 030: def4_meas=True  Q@k†=28.8%  R:20→60 Mbps  elapsed=328s

  Latest defended trial 030: def4_meas=True  Q@k†=25.5%  R:20→30 Mbps  elapsed=278s
=================================================================

=================================================================
  WAVE 1 STATUS  10:47:47 IST
=================================================================
  Queue position : INFO  Next: as5_sanity
  tc rate (lo)   : N/A  →  agent AMBR ≈ N/A

  vulnerable: 30/30 trials | def4_meas=100% (30/30) | Q@k†: last=28.8%  mean=28.4%
  defended  : 30/30 trials | def4_meas=97% (29/30) | Q@k†: last=25.5%  mean=24.0%

  Latest vulnerable trial 030: def4_meas=True  Q@k†=28.8%  R:20→60 Mbps  elapsed=328s

  Latest defended trial 030: def4_meas=True  Q@k†=25.5%  R:20→30 Mbps  elapsed=278s
=================================================================

=================================================================
  WAVE 1 STATUS  10:48:47 IST
=================================================================
  Queue position : INFO  Next: as5_sanity
  tc rate (lo)   : N/A  →  agent AMBR ≈ N/A

  vulnerable: 30/30 trials | def4_meas=100% (30/30) | Q@k†: last=28.8%  mean=28.4%
  defended  : 30/30 trials | def4_meas=97% (29/30) | Q@k†: last=25.5%  mean=24.0%

  Latest vulnerable trial 030: def4_meas=True  Q@k†=28.8%  R:20→60 Mbps  elapsed=328s

  Latest defended trial 030: def4_meas=True  Q@k†=25.5%  R:20→30 Mbps  elapsed=278s
=================================================================

=================================================================
  WAVE 1 STATUS  10:49:47 IST
=================================================================
  Queue position : INFO  Next: as5_sanity
  tc rate (lo)   : N/A  →  agent AMBR ≈ N/A

  vulnerable: 30/30 trials | def4_meas=100% (30/30) | Q@k†: last=28.8%  mean=28.4%
  defended  : 30/30 trials | def4_meas=97% (29/30) | Q@k†: last=25.5%  mean=24.0%

  Latest vulnerable trial 030: def4_meas=True  Q@k†=28.8%  R:20→60 Mbps  elapsed=328s

  Latest defended trial 030: def4_meas=True  Q@k†=25.5%  R:20→30 Mbps  elapsed=278s
=================================================================

=================================================================
  WAVE 1 STATUS  10:50:47 IST
=================================================================
  Queue position : INFO  Next: as5_sanity
  tc rate (lo)   : N/A  →  agent AMBR ≈ N/A

  vulnerable: 30/30 trials | def4_meas=100% (30/30) | Q@k†: last=28.8%  mean=28.4%
  defended  : 30/30 trials | def4_meas=97% (29/30) | Q@k†: last=25.5%  mean=24.0%

  Latest vulnerable trial 030: def4_meas=True  Q@k†=28.8%  R:20→60 Mbps  elapsed=328s

  Latest defended trial 030: def4_meas=True  Q@k†=25.5%  R:20→30 Mbps  elapsed=278s
=================================================================

=================================================================
  WAVE 1 STATUS  10:51:47 IST
=================================================================
  Queue position : INFO  Next: as5_sanity
  tc rate (lo)   : N/A  →  agent AMBR ≈ N/A

  vulnerable: 30/30 trials | def4_meas=100% (30/30) | Q@k†: last=28.8%  mean=28.4%
  defended  : 30/30 trials | def4_meas=97% (29/30) | Q@k†: last=25.5%  mean=24.0%

  Latest vulnerable trial 030: def4_meas=True  Q@k†=28.8%  R:20→60 Mbps  elapsed=328s

  Latest defended trial 030: def4_meas=True  Q@k†=25.5%  R:20→30 Mbps  elapsed=278s
=================================================================

=================================================================
  WAVE 1 STATUS  10:52:47 IST
=================================================================
  Queue position : INFO  Next: as5_sanity
  tc rate (lo)   : N/A  →  agent AMBR ≈ N/A

  vulnerable: 30/30 trials | def4_meas=100% (30/30) | Q@k†: last=28.8%  mean=28.4%
  defended  : 30/30 trials | def4_meas=97% (29/30) | Q@k†: last=25.5%  mean=24.0%

  Latest vulnerable trial 030: def4_meas=True  Q@k†=28.8%  R:20→60 Mbps  elapsed=328s

  Latest defended trial 030: def4_meas=True  Q@k†=25.5%  R:20→30 Mbps  elapsed=278s
=================================================================

=================================================================
  WAVE 1 STATUS  10:53:47 IST
=================================================================
  Queue position : INFO  Next: as5_sanity
  tc rate (lo)   : N/A  →  agent AMBR ≈ N/A

  vulnerable: 30/30 trials | def4_meas=100% (30/30) | Q@k†: last=28.8%  mean=28.4%
  defended  : 30/30 trials | def4_meas=97% (29/30) | Q@k†: last=25.5%  mean=24.0%

  Latest vulnerable trial 030: def4_meas=True  Q@k†=28.8%  R:20→60 Mbps  elapsed=328s

  Latest defended trial 030: def4_meas=True  Q@k†=25.5%  R:20→30 Mbps  elapsed=278s
=================================================================

=================================================================
  WAVE 1 STATUS  10:54:47 IST
=================================================================
  Queue position : INFO  Next: as5_sanity
  tc rate (lo)   : N/A  →  agent AMBR ≈ N/A

  vulnerable: 30/30 trials | def4_meas=100% (30/30) | Q@k†: last=28.8%  mean=28.4%
  defended  : 30/30 trials | def4_meas=97% (29/30) | Q@k†: last=25.5%  mean=24.0%

  Latest vulnerable trial 030: def4_meas=True  Q@k†=28.8%  R:20→60 Mbps  elapsed=328s

  Latest defended trial 030: def4_meas=True  Q@k†=25.5%  R:20→30 Mbps  elapsed=278s
=================================================================

=================================================================
  WAVE 1 STATUS  10:55:47 IST
=================================================================
  Queue position : INFO  Next: as5_sanity
  tc rate (lo)   : N/A  →  agent AMBR ≈ N/A

  vulnerable: 30/30 trials | def4_meas=100% (30/30) | Q@k†: last=28.8%  mean=28.4%
  defended  : 30/30 trials | def4_meas=97% (29/30) | Q@k†: last=25.5%  mean=24.0%

  Latest vulnerable trial 030: def4_meas=True  Q@k†=28.8%  R:20→60 Mbps  elapsed=328s

  Latest defended trial 030: def4_meas=True  Q@k†=25.5%  R:20→30 Mbps  elapsed=278s
=================================================================

=================================================================
  WAVE 1 STATUS  10:56:47 IST
=================================================================
  Queue position : INFO  Next: as5_sanity
  tc rate (lo)   : N/A  →  agent AMBR ≈ N/A

  vulnerable: 30/30 trials | def4_meas=100% (30/30) | Q@k†: last=28.8%  mean=28.4%
  defended  : 30/30 trials | def4_meas=97% (29/30) | Q@k†: last=25.5%  mean=24.0%

  Latest vulnerable trial 030: def4_meas=True  Q@k†=28.8%  R:20→60 Mbps  elapsed=328s

  Latest defended trial 030: def4_meas=True  Q@k†=25.5%  R:20→30 Mbps  elapsed=278s
=================================================================

=================================================================
  WAVE 1 STATUS  10:57:47 IST
=================================================================
  Queue position : INFO  Next: as5_sanity
  tc rate (lo)   : N/A  →  agent AMBR ≈ N/A

  vulnerable: 30/30 trials | def4_meas=100% (30/30) | Q@k†: last=28.8%  mean=28.4%
  defended  : 30/30 trials | def4_meas=97% (29/30) | Q@k†: last=25.5%  mean=24.0%

  Latest vulnerable trial 030: def4_meas=True  Q@k†=28.8%  R:20→60 Mbps  elapsed=328s

  Latest defended trial 030: def4_meas=True  Q@k†=25.5%  R:20→30 Mbps  elapsed=278s
=================================================================

=================================================================
  WAVE 1 STATUS  10:58:47 IST
=================================================================
  Queue position : INFO  Next: as5_sanity
  tc rate (lo)   : N/A  →  agent AMBR ≈ N/A

  vulnerable: 30/30 trials | def4_meas=100% (30/30) | Q@k†: last=28.8%  mean=28.4%
  defended  : 30/30 trials | def4_meas=97% (29/30) | Q@k†: last=25.5%  mean=24.0%

  Latest vulnerable trial 030: def4_meas=True  Q@k†=28.8%  R:20→60 Mbps  elapsed=328s

  Latest defended trial 030: def4_meas=True  Q@k†=25.5%  R:20→30 Mbps  elapsed=278s
=================================================================

=================================================================
  WAVE 1 STATUS  10:59:47 IST
=================================================================
  Queue position : INFO  Next: as5_sanity
  tc rate (lo)   : N/A  →  agent AMBR ≈ N/A

  vulnerable: 30/30 trials | def4_meas=100% (30/30) | Q@k†: last=28.8%  mean=28.4%
  defended  : 30/30 trials | def4_meas=97% (29/30) | Q@k†: last=25.5%  mean=24.0%

  Latest vulnerable trial 030: def4_meas=True  Q@k†=28.8%  R:20→60 Mbps  elapsed=328s

  Latest defended trial 030: def4_meas=True  Q@k†=25.5%  R:20→30 Mbps  elapsed=278s
=================================================================

=================================================================
  WAVE 1 STATUS  11:00:47 IST
=================================================================
  Queue position : INFO  Next: as5_sanity
  tc rate (lo)   : N/A  →  agent AMBR ≈ N/A

  vulnerable: 30/30 trials | def4_meas=100% (30/30) | Q@k†: last=28.8%  mean=28.4%
  defended  : 30/30 trials | def4_meas=97% (29/30) | Q@k†: last=25.5%  mean=24.0%

  Latest vulnerable trial 030: def4_meas=True  Q@k†=28.8%  R:20→60 Mbps  elapsed=328s

  Latest defended trial 030: def4_meas=True  Q@k†=25.5%  R:20→30 Mbps  elapsed=278s
=================================================================

=================================================================
  WAVE 1 STATUS  11:01:47 IST
=================================================================
  Queue position : INFO  Next: as5_sanity
  tc rate (lo)   : N/A  →  agent AMBR ≈ N/A

  vulnerable: 30/30 trials | def4_meas=100% (30/30) | Q@k†: last=28.8%  mean=28.4%
  defended  : 30/30 trials | def4_meas=97% (29/30) | Q@k†: last=25.5%  mean=24.0%

  Latest vulnerable trial 030: def4_meas=True  Q@k†=28.8%  R:20→60 Mbps  elapsed=328s

  Latest defended trial 030: def4_meas=True  Q@k†=25.5%  R:20→30 Mbps  elapsed=278s
=================================================================

=================================================================
  WAVE 1 STATUS  11:02:47 IST
=================================================================
  Queue position : INFO  Next: as5_sanity
  tc rate (lo)   : N/A  →  agent AMBR ≈ N/A

  vulnerable: 30/30 trials | def4_meas=100% (30/30) | Q@k†: last=28.8%  mean=28.4%
  defended  : 30/30 trials | def4_meas=97% (29/30) | Q@k†: last=25.5%  mean=24.0%

  Latest vulnerable trial 030: def4_meas=True  Q@k†=28.8%  R:20→60 Mbps  elapsed=328s

  Latest defended trial 030: def4_meas=True  Q@k†=25.5%  R:20→30 Mbps  elapsed=278s
=================================================================

=================================================================
  WAVE 1 STATUS  11:03:47 IST
=================================================================
  Queue position : INFO  Next: as5_sanity
  tc rate (lo)   : N/A  →  agent AMBR ≈ N/A

  vulnerable: 30/30 trials | def4_meas=100% (30/30) | Q@k†: last=28.8%  mean=28.4%
  defended  : 30/30 trials | def4_meas=97% (29/30) | Q@k†: last=25.5%  mean=24.0%

  Latest vulnerable trial 030: def4_meas=True  Q@k†=28.8%  R:20→60 Mbps  elapsed=328s

  Latest defended trial 030: def4_meas=True  Q@k†=25.5%  R:20→30 Mbps  elapsed=278s
=================================================================

=================================================================
  WAVE 1 STATUS  11:04:47 IST
=================================================================
  Queue position : INFO  Next: as5_sanity
  tc rate (lo)   : N/A  →  agent AMBR ≈ N/A

  vulnerable: 30/30 trials | def4_meas=100% (30/30) | Q@k†: last=28.8%  mean=28.4%
  defended  : 30/30 trials | def4_meas=97% (29/30) | Q@k†: last=25.5%  mean=24.0%

  Latest vulnerable trial 030: def4_meas=True  Q@k†=28.8%  R:20→60 Mbps  elapsed=328s

  Latest defended trial 030: def4_meas=True  Q@k†=25.5%  R:20→30 Mbps  elapsed=278s
=================================================================

=================================================================
  WAVE 1 STATUS  11:05:47 IST
=================================================================
  Queue position : INFO  Next: as5_sanity
  tc rate (lo)   : N/A  →  agent AMBR ≈ N/A

  vulnerable: 30/30 trials | def4_meas=100% (30/30) | Q@k†: last=28.8%  mean=28.4%
  defended  : 30/30 trials | def4_meas=97% (29/30) | Q@k†: last=25.5%  mean=24.0%

  Latest vulnerable trial 030: def4_meas=True  Q@k†=28.8%  R:20→60 Mbps  elapsed=328s

  Latest defended trial 030: def4_meas=True  Q@k†=25.5%  R:20→30 Mbps  elapsed=278s
=================================================================

=================================================================
  WAVE 1 STATUS  11:06:47 IST
=================================================================
  Queue position : INFO  Next: as5_sanity
  tc rate (lo)   : N/A  →  agent AMBR ≈ N/A

  vulnerable: 30/30 trials | def4_meas=100% (30/30) | Q@k†: last=28.8%  mean=28.4%
  defended  : 30/30 trials | def4_meas=97% (29/30) | Q@k†: last=25.5%  mean=24.0%

  Latest vulnerable trial 030: def4_meas=True  Q@k†=28.8%  R:20→60 Mbps  elapsed=328s

  Latest defended trial 030: def4_meas=True  Q@k†=25.5%  R:20→30 Mbps  elapsed=278s
=================================================================

=================================================================
  WAVE 1 STATUS  11:07:47 IST
=================================================================
  Queue position : INFO  Next: as5_sanity
  tc rate (lo)   : N/A  →  agent AMBR ≈ N/A

  vulnerable: 30/30 trials | def4_meas=100% (30/30) | Q@k†: last=28.8%  mean=28.4%
  defended  : 30/30 trials | def4_meas=97% (29/30) | Q@k†: last=25.5%  mean=24.0%

  Latest vulnerable trial 030: def4_meas=True  Q@k†=28.8%  R:20→60 Mbps  elapsed=328s

  Latest defended trial 030: def4_meas=True  Q@k†=25.5%  R:20→30 Mbps  elapsed=278s
=================================================================

=================================================================
  WAVE 1 STATUS  11:08:48 IST
=================================================================
  Queue position : INFO  Next: as5_sanity
  tc rate (lo)   : N/A  →  agent AMBR ≈ N/A

  vulnerable: 30/30 trials | def4_meas=100% (30/30) | Q@k†: last=28.8%  mean=28.4%
  defended  : 30/30 trials | def4_meas=97% (29/30) | Q@k†: last=25.5%  mean=24.0%

  Latest vulnerable trial 030: def4_meas=True  Q@k†=28.8%  R:20→60 Mbps  elapsed=328s

  Latest defended trial 030: def4_meas=True  Q@k†=25.5%  R:20→30 Mbps  elapsed=278s
=================================================================

=================================================================
  WAVE 1 STATUS  11:09:48 IST
=================================================================
  Queue position : INFO  Next: as5_sanity
  tc rate (lo)   : N/A  →  agent AMBR ≈ N/A

  vulnerable: 30/30 trials | def4_meas=100% (30/30) | Q@k†: last=28.8%  mean=28.4%
  defended  : 30/30 trials | def4_meas=97% (29/30) | Q@k†: last=25.5%  mean=24.0%

  Latest vulnerable trial 030: def4_meas=True  Q@k†=28.8%  R:20→60 Mbps  elapsed=328s

  Latest defended trial 030: def4_meas=True  Q@k†=25.5%  R:20→30 Mbps  elapsed=278s
=================================================================

=================================================================
  WAVE 1 STATUS  11:10:48 IST
=================================================================
  Queue position : INFO  Next: as5_sanity
  tc rate (lo)   : N/A  →  agent AMBR ≈ N/A

  vulnerable: 30/30 trials | def4_meas=100% (30/30) | Q@k†: last=28.8%  mean=28.4%
  defended  : 30/30 trials | def4_meas=97% (29/30) | Q@k†: last=25.5%  mean=24.0%

  Latest vulnerable trial 030: def4_meas=True  Q@k†=28.8%  R:20→60 Mbps  elapsed=328s

  Latest defended trial 030: def4_meas=True  Q@k†=25.5%  R:20→30 Mbps  elapsed=278s
=================================================================

=================================================================
  WAVE 1 STATUS  11:11:48 IST
=================================================================
  Queue position : INFO  Next: as5_sanity
  tc rate (lo)   : N/A  →  agent AMBR ≈ N/A

  vulnerable: 30/30 trials | def4_meas=100% (30/30) | Q@k†: last=28.8%  mean=28.4%
  defended  : 30/30 trials | def4_meas=97% (29/30) | Q@k†: last=25.5%  mean=24.0%

  Latest vulnerable trial 030: def4_meas=True  Q@k†=28.8%  R:20→60 Mbps  elapsed=328s

  Latest defended trial 030: def4_meas=True  Q@k†=25.5%  R:20→30 Mbps  elapsed=278s
=================================================================

=================================================================
  WAVE 1 STATUS  11:12:48 IST
=================================================================
  Queue position : INFO  Next: as5_sanity
  tc rate (lo)   : N/A  →  agent AMBR ≈ N/A

  vulnerable: 30/30 trials | def4_meas=100% (30/30) | Q@k†: last=28.8%  mean=28.4%
  defended  : 30/30 trials | def4_meas=97% (29/30) | Q@k†: last=25.5%  mean=24.0%

  Latest vulnerable trial 030: def4_meas=True  Q@k†=28.8%  R:20→60 Mbps  elapsed=328s

  Latest defended trial 030: def4_meas=True  Q@k†=25.5%  R:20→30 Mbps  elapsed=278s
=================================================================

=================================================================
  WAVE 1 STATUS  11:13:48 IST
=================================================================
  Queue position : INFO  Next: as5_sanity
  tc rate (lo)   : N/A  →  agent AMBR ≈ N/A

  vulnerable: 30/30 trials | def4_meas=100% (30/30) | Q@k†: last=28.8%  mean=28.4%
  defended  : 30/30 trials | def4_meas=97% (29/30) | Q@k†: last=25.5%  mean=24.0%

  Latest vulnerable trial 030: def4_meas=True  Q@k†=28.8%  R:20→60 Mbps  elapsed=328s

  Latest defended trial 030: def4_meas=True  Q@k†=25.5%  R:20→30 Mbps  elapsed=278s
=================================================================

=================================================================
  WAVE 1 STATUS  11:14:48 IST
=================================================================
  Queue position : INFO  Next: as5_sanity
  tc rate (lo)   : N/A  →  agent AMBR ≈ N/A

  vulnerable: 30/30 trials | def4_meas=100% (30/30) | Q@k†: last=28.8%  mean=28.4%
  defended  : 30/30 trials | def4_meas=97% (29/30) | Q@k†: last=25.5%  mean=24.0%

  Latest vulnerable trial 030: def4_meas=True  Q@k†=28.8%  R:20→60 Mbps  elapsed=328s

  Latest defended trial 030: def4_meas=True  Q@k†=25.5%  R:20→30 Mbps  elapsed=278s
=================================================================

=================================================================
  WAVE 1 STATUS  11:15:48 IST
=================================================================
  Queue position : INFO  Next: as5_sanity
  tc rate (lo)   : N/A  →  agent AMBR ≈ N/A

  vulnerable: 30/30 trials | def4_meas=100% (30/30) | Q@k†: last=28.8%  mean=28.4%
  defended  : 30/30 trials | def4_meas=97% (29/30) | Q@k†: last=25.5%  mean=24.0%

  Latest vulnerable trial 030: def4_meas=True  Q@k†=28.8%  R:20→60 Mbps  elapsed=328s

  Latest defended trial 030: def4_meas=True  Q@k†=25.5%  R:20→30 Mbps  elapsed=278s
=================================================================

=================================================================
  WAVE 1 STATUS  11:16:48 IST
=================================================================
  Queue position : INFO  Next: as5_sanity
  tc rate (lo)   : N/A  →  agent AMBR ≈ N/A

  vulnerable: 30/30 trials | def4_meas=100% (30/30) | Q@k†: last=28.8%  mean=28.4%
  defended  : 30/30 trials | def4_meas=97% (29/30) | Q@k†: last=25.5%  mean=24.0%

  Latest vulnerable trial 030: def4_meas=True  Q@k†=28.8%  R:20→60 Mbps  elapsed=328s

  Latest defended trial 030: def4_meas=True  Q@k†=25.5%  R:20→30 Mbps  elapsed=278s
=================================================================

=================================================================
  WAVE 1 STATUS  11:17:48 IST
=================================================================
  Queue position : INFO  Next: as5_sanity
  tc rate (lo)   : N/A  →  agent AMBR ≈ N/A

  vulnerable: 30/30 trials | def4_meas=100% (30/30) | Q@k†: last=28.8%  mean=28.4%
  defended  : 30/30 trials | def4_meas=97% (29/30) | Q@k†: last=25.5%  mean=24.0%

  Latest vulnerable trial 030: def4_meas=True  Q@k†=28.8%  R:20→60 Mbps  elapsed=328s

  Latest defended trial 030: def4_meas=True  Q@k†=25.5%  R:20→30 Mbps  elapsed=278s
=================================================================

=================================================================
  WAVE 1 STATUS  11:18:48 IST
=================================================================
  Queue position : INFO  Next: as5_sanity
  tc rate (lo)   : N/A  →  agent AMBR ≈ N/A

  vulnerable: 30/30 trials | def4_meas=100% (30/30) | Q@k†: last=28.8%  mean=28.4%
  defended  : 30/30 trials | def4_meas=97% (29/30) | Q@k†: last=25.5%  mean=24.0%

  Latest vulnerable trial 030: def4_meas=True  Q@k†=28.8%  R:20→60 Mbps  elapsed=328s

  Latest defended trial 030: def4_meas=True  Q@k†=25.5%  R:20→30 Mbps  elapsed=278s
=================================================================

=================================================================
  WAVE 1 STATUS  11:19:48 IST
=================================================================
  Queue position : INFO  Next: as5_sanity
  tc rate (lo)   : N/A  →  agent AMBR ≈ N/A

  vulnerable: 30/30 trials | def4_meas=100% (30/30) | Q@k†: last=28.8%  mean=28.4%
  defended  : 30/30 trials | def4_meas=97% (29/30) | Q@k†: last=25.5%  mean=24.0%

  Latest vulnerable trial 030: def4_meas=True  Q@k†=28.8%  R:20→60 Mbps  elapsed=328s

  Latest defended trial 030: def4_meas=True  Q@k†=25.5%  R:20→30 Mbps  elapsed=278s
=================================================================

=================================================================
  WAVE 1 STATUS  11:20:48 IST
=================================================================
  Queue position : INFO  Next: as5_sanity
  tc rate (lo)   : N/A  →  agent AMBR ≈ N/A

  vulnerable: 30/30 trials | def4_meas=100% (30/30) | Q@k†: last=28.8%  mean=28.4%
  defended  : 30/30 trials | def4_meas=97% (29/30) | Q@k†: last=25.5%  mean=24.0%

  Latest vulnerable trial 030: def4_meas=True  Q@k†=28.8%  R:20→60 Mbps  elapsed=328s

  Latest defended trial 030: def4_meas=True  Q@k†=25.5%  R:20→30 Mbps  elapsed=278s
=================================================================

=================================================================
  WAVE 1 STATUS  11:21:48 IST
=================================================================
  Queue position : INFO  Next: as5_sanity
  tc rate (lo)   : N/A  →  agent AMBR ≈ N/A

  vulnerable: 30/30 trials | def4_meas=100% (30/30) | Q@k†: last=28.8%  mean=28.4%
  defended  : 30/30 trials | def4_meas=97% (29/30) | Q@k†: last=25.5%  mean=24.0%

  Latest vulnerable trial 030: def4_meas=True  Q@k†=28.8%  R:20→60 Mbps  elapsed=328s

  Latest defended trial 030: def4_meas=True  Q@k†=25.5%  R:20→30 Mbps  elapsed=278s
=================================================================

=================================================================
  WAVE 1 STATUS  11:22:48 IST
=================================================================
  Queue position : INFO  Next: as5_sanity
  tc rate (lo)   : N/A  →  agent AMBR ≈ N/A

  vulnerable: 30/30 trials | def4_meas=100% (30/30) | Q@k†: last=28.8%  mean=28.4%
  defended  : 30/30 trials | def4_meas=97% (29/30) | Q@k†: last=25.5%  mean=24.0%

  Latest vulnerable trial 030: def4_meas=True  Q@k†=28.8%  R:20→60 Mbps  elapsed=328s

  Latest defended trial 030: def4_meas=True  Q@k†=25.5%  R:20→30 Mbps  elapsed=278s
=================================================================

=================================================================
  WAVE 1 STATUS  11:23:48 IST
=================================================================
  Queue position : INFO  Next: as5_sanity
  tc rate (lo)   : N/A  →  agent AMBR ≈ N/A

  vulnerable: 30/30 trials | def4_meas=100% (30/30) | Q@k†: last=28.8%  mean=28.4%
  defended  : 30/30 trials | def4_meas=97% (29/30) | Q@k†: last=25.5%  mean=24.0%

  Latest vulnerable trial 030: def4_meas=True  Q@k†=28.8%  R:20→60 Mbps  elapsed=328s

  Latest defended trial 030: def4_meas=True  Q@k†=25.5%  R:20→30 Mbps  elapsed=278s
=================================================================

=================================================================
  WAVE 1 STATUS  11:24:48 IST
=================================================================
  Queue position : INFO  Next: as5_sanity
  tc rate (lo)   : N/A  →  agent AMBR ≈ N/A

  vulnerable: 30/30 trials | def4_meas=100% (30/30) | Q@k†: last=28.8%  mean=28.4%
  defended  : 30/30 trials | def4_meas=97% (29/30) | Q@k†: last=25.5%  mean=24.0%

  Latest vulnerable trial 030: def4_meas=True  Q@k†=28.8%  R:20→60 Mbps  elapsed=328s

  Latest defended trial 030: def4_meas=True  Q@k†=25.5%  R:20→30 Mbps  elapsed=278s
=================================================================

=================================================================
  WAVE 1 STATUS  11:25:48 IST
=================================================================
  Queue position : INFO  Next: as5_sanity
  tc rate (lo)   : N/A  →  agent AMBR ≈ N/A

  vulnerable: 30/30 trials | def4_meas=100% (30/30) | Q@k†: last=28.8%  mean=28.4%
  defended  : 30/30 trials | def4_meas=97% (29/30) | Q@k†: last=25.5%  mean=24.0%

  Latest vulnerable trial 030: def4_meas=True  Q@k†=28.8%  R:20→60 Mbps  elapsed=328s

  Latest defended trial 030: def4_meas=True  Q@k†=25.5%  R:20→30 Mbps  elapsed=278s
=================================================================

=================================================================
  WAVE 1 STATUS  11:26:48 IST
=================================================================
  Queue position : INFO  Next: as5_sanity
  tc rate (lo)   : N/A  →  agent AMBR ≈ N/A

  vulnerable: 30/30 trials | def4_meas=100% (30/30) | Q@k†: last=28.8%  mean=28.4%
  defended  : 30/30 trials | def4_meas=97% (29/30) | Q@k†: last=25.5%  mean=24.0%

  Latest vulnerable trial 030: def4_meas=True  Q@k†=28.8%  R:20→60 Mbps  elapsed=328s

  Latest defended trial 030: def4_meas=True  Q@k†=25.5%  R:20→30 Mbps  elapsed=278s
=================================================================

=================================================================
  WAVE 1 STATUS  11:27:48 IST
=================================================================
  Queue position : INFO  Next: as5_sanity
  tc rate (lo)   : N/A  →  agent AMBR ≈ N/A

  vulnerable: 30/30 trials | def4_meas=100% (30/30) | Q@k†: last=28.8%  mean=28.4%
  defended  : 30/30 trials | def4_meas=97% (29/30) | Q@k†: last=25.5%  mean=24.0%

  Latest vulnerable trial 030: def4_meas=True  Q@k†=28.8%  R:20→60 Mbps  elapsed=328s

  Latest defended trial 030: def4_meas=True  Q@k†=25.5%  R:20→30 Mbps  elapsed=278s
=================================================================

=================================================================
  WAVE 1 STATUS  11:28:48 IST
=================================================================
  Queue position : INFO  Next: as5_sanity
  tc rate (lo)   : N/A  →  agent AMBR ≈ N/A

  vulnerable: 30/30 trials | def4_meas=100% (30/30) | Q@k†: last=28.8%  mean=28.4%
  defended  : 30/30 trials | def4_meas=97% (29/30) | Q@k†: last=25.5%  mean=24.0%

  Latest vulnerable trial 030: def4_meas=True  Q@k†=28.8%  R:20→60 Mbps  elapsed=328s

  Latest defended trial 030: def4_meas=True  Q@k†=25.5%  R:20→30 Mbps  elapsed=278s
=================================================================

=================================================================
  WAVE 1 STATUS  11:29:48 IST
=================================================================
  Queue position : INFO  Next: as5_sanity
  tc rate (lo)   : N/A  →  agent AMBR ≈ N/A

  vulnerable: 30/30 trials | def4_meas=100% (30/30) | Q@k†: last=28.8%  mean=28.4%
  defended  : 30/30 trials | def4_meas=97% (29/30) | Q@k†: last=25.5%  mean=24.0%

  Latest vulnerable trial 030: def4_meas=True  Q@k†=28.8%  R:20→60 Mbps  elapsed=328s

  Latest defended trial 030: def4_meas=True  Q@k†=25.5%  R:20→30 Mbps  elapsed=278s
=================================================================

=================================================================
  WAVE 1 STATUS  11:30:48 IST
=================================================================
  Queue position : INFO  Next: as5_sanity
  tc rate (lo)   : N/A  →  agent AMBR ≈ N/A

  vulnerable: 30/30 trials | def4_meas=100% (30/30) | Q@k†: last=28.8%  mean=28.4%
  defended  : 30/30 trials | def4_meas=97% (29/30) | Q@k†: last=25.5%  mean=24.0%

  Latest vulnerable trial 030: def4_meas=True  Q@k†=28.8%  R:20→60 Mbps  elapsed=328s

  Latest defended trial 030: def4_meas=True  Q@k†=25.5%  R:20→30 Mbps  elapsed=278s
=================================================================

=================================================================
  WAVE 1 STATUS  11:31:48 IST
=================================================================
  Queue position : INFO  Next: as5_sanity
  tc rate (lo)   : N/A  →  agent AMBR ≈ N/A

  vulnerable: 30/30 trials | def4_meas=100% (30/30) | Q@k†: last=28.8%  mean=28.4%
  defended  : 30/30 trials | def4_meas=97% (29/30) | Q@k†: last=25.5%  mean=24.0%

  Latest vulnerable trial 030: def4_meas=True  Q@k†=28.8%  R:20→60 Mbps  elapsed=328s

  Latest defended trial 030: def4_meas=True  Q@k†=25.5%  R:20→30 Mbps  elapsed=278s
=================================================================

=================================================================
  WAVE 1 STATUS  11:32:48 IST
=================================================================
  Queue position : INFO  Next: as5_sanity
  tc rate (lo)   : N/A  →  agent AMBR ≈ N/A

  vulnerable: 30/30 trials | def4_meas=100% (30/30) | Q@k†: last=28.8%  mean=28.4%
  defended  : 30/30 trials | def4_meas=97% (29/30) | Q@k†: last=25.5%  mean=24.0%

  Latest vulnerable trial 030: def4_meas=True  Q@k†=28.8%  R:20→60 Mbps  elapsed=328s

  Latest defended trial 030: def4_meas=True  Q@k†=25.5%  R:20→30 Mbps  elapsed=278s
=================================================================

=================================================================
  WAVE 1 STATUS  11:33:48 IST
=================================================================
  Queue position : INFO  Next: as5_sanity
  tc rate (lo)   : N/A  →  agent AMBR ≈ N/A

  vulnerable: 30/30 trials | def4_meas=100% (30/30) | Q@k†: last=28.8%  mean=28.4%
  defended  : 30/30 trials | def4_meas=97% (29/30) | Q@k†: last=25.5%  mean=24.0%

  Latest vulnerable trial 030: def4_meas=True  Q@k†=28.8%  R:20→60 Mbps  elapsed=328s

  Latest defended trial 030: def4_meas=True  Q@k†=25.5%  R:20→30 Mbps  elapsed=278s
=================================================================

=================================================================
  WAVE 1 STATUS  11:34:48 IST
=================================================================
  Queue position : INFO  Next: as5_sanity
  tc rate (lo)   : N/A  →  agent AMBR ≈ N/A

  vulnerable: 30/30 trials | def4_meas=100% (30/30) | Q@k†: last=28.8%  mean=28.4%
  defended  : 30/30 trials | def4_meas=97% (29/30) | Q@k†: last=25.5%  mean=24.0%

  Latest vulnerable trial 030: def4_meas=True  Q@k†=28.8%  R:20→60 Mbps  elapsed=328s

  Latest defended trial 030: def4_meas=True  Q@k†=25.5%  R:20→30 Mbps  elapsed=278s
=================================================================

=================================================================
  WAVE 1 STATUS  11:35:48 IST
=================================================================
  Queue position : INFO  Next: as5_sanity
  tc rate (lo)   : N/A  →  agent AMBR ≈ N/A

  vulnerable: 30/30 trials | def4_meas=100% (30/30) | Q@k†: last=28.8%  mean=28.4%
  defended  : 30/30 trials | def4_meas=97% (29/30) | Q@k†: last=25.5%  mean=24.0%

  Latest vulnerable trial 030: def4_meas=True  Q@k†=28.8%  R:20→60 Mbps  elapsed=328s

  Latest defended trial 030: def4_meas=True  Q@k†=25.5%  R:20→30 Mbps  elapsed=278s
=================================================================

=================================================================
  WAVE 1 STATUS  11:36:48 IST
=================================================================
  Queue position : INFO  Next: as5_sanity
  tc rate (lo)   : N/A  →  agent AMBR ≈ N/A

  vulnerable: 30/30 trials | def4_meas=100% (30/30) | Q@k†: last=28.8%  mean=28.4%
  defended  : 30/30 trials | def4_meas=97% (29/30) | Q@k†: last=25.5%  mean=24.0%

  Latest vulnerable trial 030: def4_meas=True  Q@k†=28.8%  R:20→60 Mbps  elapsed=328s

  Latest defended trial 030: def4_meas=True  Q@k†=25.5%  R:20→30 Mbps  elapsed=278s
=================================================================

=================================================================
  WAVE 1 STATUS  11:37:48 IST
=================================================================
  Queue position : INFO  Next: as5_sanity
  tc rate (lo)   : N/A  →  agent AMBR ≈ N/A

  vulnerable: 30/30 trials | def4_meas=100% (30/30) | Q@k†: last=28.8%  mean=28.4%
  defended  : 30/30 trials | def4_meas=97% (29/30) | Q@k†: last=25.5%  mean=24.0%

  Latest vulnerable trial 030: def4_meas=True  Q@k†=28.8%  R:20→60 Mbps  elapsed=328s

  Latest defended trial 030: def4_meas=True  Q@k†=25.5%  R:20→30 Mbps  elapsed=278s
=================================================================

=================================================================
  WAVE 1 STATUS  11:38:48 IST
=================================================================
  Queue position : INFO  Next: as5_sanity
  tc rate (lo)   : N/A  →  agent AMBR ≈ N/A

  vulnerable: 30/30 trials | def4_meas=100% (30/30) | Q@k†: last=28.8%  mean=28.4%
  defended  : 30/30 trials | def4_meas=97% (29/30) | Q@k†: last=25.5%  mean=24.0%

  Latest vulnerable trial 030: def4_meas=True  Q@k†=28.8%  R:20→60 Mbps  elapsed=328s

  Latest defended trial 030: def4_meas=True  Q@k†=25.5%  R:20→30 Mbps  elapsed=278s
=================================================================

=================================================================
  WAVE 1 STATUS  11:39:48 IST
=================================================================
  Queue position : INFO  Next: as5_sanity
  tc rate (lo)   : N/A  →  agent AMBR ≈ N/A

  vulnerable: 30/30 trials | def4_meas=100% (30/30) | Q@k†: last=28.8%  mean=28.4%
  defended  : 30/30 trials | def4_meas=97% (29/30) | Q@k†: last=25.5%  mean=24.0%

  Latest vulnerable trial 030: def4_meas=True  Q@k†=28.8%  R:20→60 Mbps  elapsed=328s

  Latest defended trial 030: def4_meas=True  Q@k†=25.5%  R:20→30 Mbps  elapsed=278s
=================================================================

=================================================================
  WAVE 1 STATUS  11:40:48 IST
=================================================================
  Queue position : INFO  Next: as5_sanity
  tc rate (lo)   : N/A  →  agent AMBR ≈ N/A

  vulnerable: 30/30 trials | def4_meas=100% (30/30) | Q@k†: last=28.8%  mean=28.4%
  defended  : 30/30 trials | def4_meas=97% (29/30) | Q@k†: last=25.5%  mean=24.0%

  Latest vulnerable trial 030: def4_meas=True  Q@k†=28.8%  R:20→60 Mbps  elapsed=328s

  Latest defended trial 030: def4_meas=True  Q@k†=25.5%  R:20→30 Mbps  elapsed=278s
=================================================================

=================================================================
  WAVE 1 STATUS  11:41:48 IST
=================================================================
  Queue position : INFO  Next: as5_sanity
  tc rate (lo)   : N/A  →  agent AMBR ≈ N/A

  vulnerable: 30/30 trials | def4_meas=100% (30/30) | Q@k†: last=28.8%  mean=28.4%
  defended  : 30/30 trials | def4_meas=97% (29/30) | Q@k†: last=25.5%  mean=24.0%

  Latest vulnerable trial 030: def4_meas=True  Q@k†=28.8%  R:20→60 Mbps  elapsed=328s

  Latest defended trial 030: def4_meas=True  Q@k†=25.5%  R:20→30 Mbps  elapsed=278s
=================================================================

=================================================================
  WAVE 1 STATUS  11:42:48 IST
=================================================================
  Queue position : INFO  Next: as5_sanity
  tc rate (lo)   : N/A  →  agent AMBR ≈ N/A

  vulnerable: 30/30 trials | def4_meas=100% (30/30) | Q@k†: last=28.8%  mean=28.4%
  defended  : 30/30 trials | def4_meas=97% (29/30) | Q@k†: last=25.5%  mean=24.0%

  Latest vulnerable trial 030: def4_meas=True  Q@k†=28.8%  R:20→60 Mbps  elapsed=328s

  Latest defended trial 030: def4_meas=True  Q@k†=25.5%  R:20→30 Mbps  elapsed=278s
=================================================================

=================================================================
  WAVE 1 STATUS  11:43:48 IST
=================================================================
  Queue position : INFO  Next: as5_sanity
  tc rate (lo)   : N/A  →  agent AMBR ≈ N/A

  vulnerable: 30/30 trials | def4_meas=100% (30/30) | Q@k†: last=28.8%  mean=28.4%
  defended  : 30/30 trials | def4_meas=97% (29/30) | Q@k†: last=25.5%  mean=24.0%

  Latest vulnerable trial 030: def4_meas=True  Q@k†=28.8%  R:20→60 Mbps  elapsed=328s

  Latest defended trial 030: def4_meas=True  Q@k†=25.5%  R:20→30 Mbps  elapsed=278s
=================================================================

=================================================================
  WAVE 1 STATUS  11:44:48 IST
=================================================================
  Queue position : INFO  Next: as5_sanity
  tc rate (lo)   : N/A  →  agent AMBR ≈ N/A

  vulnerable: 30/30 trials | def4_meas=100% (30/30) | Q@k†: last=28.8%  mean=28.4%
  defended  : 30/30 trials | def4_meas=97% (29/30) | Q@k†: last=25.5%  mean=24.0%

  Latest vulnerable trial 030: def4_meas=True  Q@k†=28.8%  R:20→60 Mbps  elapsed=328s

  Latest defended trial 030: def4_meas=True  Q@k†=25.5%  R:20→30 Mbps  elapsed=278s
=================================================================

=================================================================
  WAVE 1 STATUS  11:45:48 IST
=================================================================
  Queue position : INFO  Next: as5_sanity
  tc rate (lo)   : N/A  →  agent AMBR ≈ N/A

  vulnerable: 30/30 trials | def4_meas=100% (30/30) | Q@k†: last=28.8%  mean=28.4%
  defended  : 30/30 trials | def4_meas=97% (29/30) | Q@k†: last=25.5%  mean=24.0%

  Latest vulnerable trial 030: def4_meas=True  Q@k†=28.8%  R:20→60 Mbps  elapsed=328s

  Latest defended trial 030: def4_meas=True  Q@k†=25.5%  R:20→30 Mbps  elapsed=278s
=================================================================

=================================================================
  WAVE 1 STATUS  11:46:48 IST
=================================================================
  Queue position : INFO  Next: as5_sanity
  tc rate (lo)   : N/A  →  agent AMBR ≈ N/A

  vulnerable: 30/30 trials | def4_meas=100% (30/30) | Q@k†: last=28.8%  mean=28.4%
  defended  : 30/30 trials | def4_meas=97% (29/30) | Q@k†: last=25.5%  mean=24.0%

  Latest vulnerable trial 030: def4_meas=True  Q@k†=28.8%  R:20→60 Mbps  elapsed=328s

  Latest defended trial 030: def4_meas=True  Q@k†=25.5%  R:20→30 Mbps  elapsed=278s
=================================================================
